المفهوم الأكاديمي,رابط المفهوم على سمارتيكل,التخصص الفرعي,عنوان المرجع الأكاديمي,رابط المرجع المباشر,التوثيق المنسق
أنظمة الشركات الناشئة: رأس المال المخاطر، الحاضنات، واقتصاد الابتكار.,https://smarticle.tech/ar/article/startup-ecosystems-venture-capital-incubators-and-the-innovation-economy-202605130621,Entrepreneurship,Open Labs and Innovation Management,https://openlibrary.org/works/OL28024985W,Open Labs and Innovation Management. بقلم Valérie Mérindol، David W. Versailles. (2022). — Taylor & Francis Group. ردمك: 9781000776348
أنظمة الشركات الناشئة: رأس المال المخاطر، الحاضنات، واقتصاد الابتكار.,https://smarticle.tech/ar/article/startup-ecosystems-venture-capital-incubators-and-the-innovation-economy-202605130621,Entrepreneurship,Chinese Universities in the National Innovation System,https://openlibrary.org/works/OL25316929W,Chinese Universities in the National Innovation System. بقلم Yi Gaofeng، Venni V. Krishna، Xinpei Zhang. (2021). — Taylor & Francis Group. ردمك: 1000424618
أنظمة الشركات الناشئة: رأس المال المخاطر، الحاضنات، واقتصاد الابتكار.,https://smarticle.tech/ar/article/startup-ecosystems-venture-capital-incubators-and-the-innovation-economy-202605130621,Entrepreneurship,Innovation in Africa,https://openlibrary.org/works/OL25258691W,Innovation in Africa. بقلم Deseye Umurhohwo. (2020). — Taylor & Francis Group. ردمك: 9781000327304
أنظمة الشركات الناشئة: رأس المال المخاطر، الحاضنات، واقتصاد الابتكار.,https://smarticle.tech/ar/article/startup-ecosystems-venture-capital-incubators-and-the-innovation-economy-202605130621,Entrepreneurship,Social Entrepreneurship and Social Innovation,https://openlibrary.org/works/OL25743720W,Social Entrepreneurship and Social Innovation. بقلم Mario Biggeri، Enrico Testi، Marco Belluci. (2018). — Taylor & Francis Group. ردمك: 1351239015
أنظمة الشركات الناشئة: رأس المال المخاطر، الحاضنات، واقتصاد الابتكار.,https://smarticle.tech/ar/article/startup-ecosystems-venture-capital-incubators-and-the-innovation-economy-202605130621,Entrepreneurship,Handbook of Research on Entrepreneurial Ecosystems and Social Dynamics in a Globalized World,https://openlibrary.org/works/OL27391923W,Handbook of Research on Entrepreneurial Ecosystems and Social Dynamics in a Globalized World. بقلم Luisa Carvalho. (2017). — IGI Global. ردمك: 9781522535270
أنظمة الشركات الناشئة: رأس المال المخاطر، الحاضنات، واقتصاد الابتكار.,https://smarticle.tech/ar/article/startup-ecosystems-venture-capital-incubators-and-the-innovation-economy-202605130621,Entrepreneurship,Software ecosystems,https://openlibrary.org/works/OL23272672W,"Software ecosystems. بقلم Slinger Jansen، Michael A. Cusumano، Sjaak Brinkkemper. (2013). — Elgar Publishing, Incorporated, Edward. ردمك: 1781955638"
أنظمة الشركات الناشئة: رأس المال المخاطر، الحاضنات، واقتصاد الابتكار.,https://smarticle.tech/ar/article/startup-ecosystems-venture-capital-incubators-and-the-innovation-economy-202605130621,Entrepreneurship,"Handbook of Research on Techno-Entrepreneurship, Third Edition",https://openlibrary.org/works/OL25785309W,"Handbook of Research on Techno-Entrepreneurship, Third Edition. بقلم François Thérin، Francesco P. Appio، Hyungseok Yoon. (2019). — Elgar Publishing Limited, Edward. ردمك: 9781786439062"
أنظمة الشركات الناشئة: رأس المال المخاطر، الحاضنات، واقتصاد الابتكار.,https://smarticle.tech/ar/article/startup-ecosystems-venture-capital-incubators-and-the-innovation-economy-202605130621,Entrepreneurship,Cases in Entrepreneurship,https://openlibrary.org/works/OL8433206M,"Cases in Entrepreneurship. بقلم مؤلف غير معروف. (2005). — Sage Publications, Inc. ردمك: 9781412909761"
أنظمة الشركات الناشئة: رأس المال المخاطر، الحاضنات، واقتصاد الابتكار.,https://smarticle.tech/ar/article/startup-ecosystems-venture-capital-incubators-and-the-innovation-economy-202605130621,Entrepreneurship,Venture Capital and Startup Agglomeration,https://doi.org/10.31235/osf.io/8tpux,"تشن، جون؛ إيفينز، مايكل. ""رأس المال المغامر والتجمعات الناشئة"". كروسريف، 2021."
إدارة الابتكار: الابتكار التخريبي، استراتيجية البحث والتطوير، والابتكار المفتوح.,https://smarticle.tech/ar/article/innovation-management-disruptive-innovation-r-d-strategy-and-open-innovatio-202605130636,Entrepreneurship,The Prince,https://archive.org/details/machiavelli00machuoft,The Prince. بقلم Niccolò Machiavelli. (1515). — 1st World Library - Literary Society. ردمك: 9781582873268
إدارة الابتكار: الابتكار التخريبي، استراتيجية البحث والتطوير، والابتكار المفتوح.,https://smarticle.tech/ar/article/innovation-management-disruptive-innovation-r-d-strategy-and-open-innovatio-202605130636,Entrepreneurship,NASA/DoD aerospace knowledge diffusion research project,https://openlibrary.org/works/OL8894965W,"NASA/DoD aerospace knowledge diffusion research project. بقلم Thomas E. Pinelli. (1990). — National Technical Information Service, distributor"
إدارة الابتكار: الابتكار التخريبي، استراتيجية البحث والتطوير، والابتكار المفتوح.,https://smarticle.tech/ar/article/innovation-management-disruptive-innovation-r-d-strategy-and-open-innovatio-202605130636,Entrepreneurship,Managing Organizations,https://archive.org/details/managingorganiza0000cleg_t5s4,"Managing Organizations. بقلم Stewart R. Clegg، Cynthia Hardy، Walter R. Nord. (1999). — SAGE Publications, Limited. ردمك: 9781529763881"
استراتيجية ريادية: تصميم نموذج الأعمال وتحديد الموقع التنافسي.,https://smarticle.tech/ar/article/entrepreneurial-strategy-business-model-design-and-competitive-positioning-202605150317,Entrepreneurship,Global entrepreneurship,https://archive.org/details/globalentreprene0000kshe,Global entrepreneurship. بقلم Nir Kshetri. (2014). — Routledge. ردمك: 1315795604
استراتيجية ريادية: تصميم نموذج الأعمال وتحديد الموقع التنافسي.,https://smarticle.tech/ar/article/entrepreneurial-strategy-business-model-design-and-competitive-positioning-202605150317,Entrepreneurship,The Entrepreneurial Society,https://openlibrary.org/works/OL20822495W,The Entrepreneurial Society. بقلم Niklas Elert، Magnus Henrekson، Mark Sanders. (2019). — Springer Nature. ردمك: 3662610094
استراتيجية ريادية: تصميم نموذج الأعمال وتحديد الموقع التنافسي.,https://smarticle.tech/ar/article/entrepreneurial-strategy-business-model-design-and-competitive-positioning-202605150317,Entrepreneurship,Multi Business Model Innovation Approach,https://openlibrary.org/works/OL21161693W,Multi Business Model Innovation Approach. بقلم Peter Lindgren. (2018). — River Publishers. ردمك: 9781003339755
استراتيجية ريادية: تصميم نموذج الأعمال وتحديد الموقع التنافسي.,https://smarticle.tech/ar/article/entrepreneurial-strategy-business-model-design-and-competitive-positioning-202605150317,Entrepreneurship,Strategy formulation in entrepreneurial firms,https://openlibrary.org/works/OL9491533W,Strategy formulation in entrepreneurial firms. بقلم Azhdar Karami. (2007). — Ashgate Publishing. ردمك: 9781317049319
استراتيجية ريادية: تصميم نموذج الأعمال وتحديد الموقع التنافسي.,https://smarticle.tech/ar/article/entrepreneurial-strategy-business-model-design-and-competitive-positioning-202605150317,Entrepreneurship,Entrepreneurship as strategy,https://archive.org/details/entrepreneurship0000unse_o9u5,Entrepreneurship as strategy. بقلم G. Dale Meyer، Kurt Allen Heppard. (2000). — Sage Publications. ردمك: 076191580X
استراتيجية ريادية: تصميم نموذج الأعمال وتحديد الموقع التنافسي.,https://smarticle.tech/ar/article/entrepreneurial-strategy-business-model-design-and-competitive-positioning-202605150317,Entrepreneurship,The entrepreneurial strategy matrix: A model for new and ongoing ventures,https://doi.org/10.1016/s0007-6813(97)90055-0,"سونفيلد، ماثيو سي، وروبرت إن. لوسير. ""مصفوفة الاستراتيجية الريادية: نموذج للمشاريع الجديدة والمستمرّة"". *كروسرف*، 1997."
استراتيجية ريادية: تصميم نموذج الأعمال وتحديد الموقع التنافسي.,https://smarticle.tech/ar/article/entrepreneurial-strategy-business-model-design-and-competitive-positioning-202605150317,Entrepreneurship,Competitive strategy: dynamics of positioning,https://doi.org/10.4324/9780080503349-18,"إس. ماثور. ""الاستراتيجية التنافسية: ديناميكيات التمركز"". *كروسرف*، 2001."
استراتيجية ريادية: تصميم نموذج الأعمال وتحديد الموقع التنافسي.,https://smarticle.tech/ar/article/entrepreneurial-strategy-business-model-design-and-competitive-positioning-202605150317,Entrepreneurship,Understanding Competitive Positioning and Strategy,https://doi.org/10.1016/b978-0-7506-5363-3.50009-1,"إس. ماثور. ""فهم التمركز الاستراتيجي والاستراتيجية"". *كروسرف*، 2001."
استراتيجية ريادية: تصميم نموذج الأعمال وتحديد الموقع التنافسي.,https://smarticle.tech/ar/article/entrepreneurial-strategy-business-model-design-and-competitive-positioning-202605150317,Entrepreneurship,"Strategy, Industry Competitive Forces and Positioning",https://doi.org/10.4135/9781036231224.n2,الاستراتيجية، قوى التنافس الصناعي، والتمركز. *كروسرف*، 2023.
التجارة الدولية: النظرية، اتفاقيات التجارة، وإطار عمل منظمة التجارة العالمية.,https://smarticle.tech/ar/article/international-trade-theory-trade-agreements-and-the-wto-framework-202605150325,Commerce,Introduction to International Economics,https://archive.org/details/introductiontoin0000salv,Introduction to International Economics. بقلم Dominick Salvatore. (2004). — John Wiley [distributor]. ردمك: 0471202266
التجارة الدولية: النظرية، اتفاقيات التجارة، وإطار عمل منظمة التجارة العالمية.,https://smarticle.tech/ar/article/international-trade-theory-trade-agreements-and-the-wto-framework-202605150325,Commerce,International institutions and Asian development,https://openlibrary.org/works/OL16113428W,International institutions and Asian development. بقلم Shiro Armstrong. (2011). — Routledge. ردمك: 9780415497541
التجارة الدولية: النظرية، اتفاقيات التجارة، وإطار عمل منظمة التجارة العالمية.,https://smarticle.tech/ar/article/international-trade-theory-trade-agreements-and-the-wto-framework-202605150325,Commerce,Trade Imbalance,https://openlibrary.org/works/OL15328293W,Trade Imbalance. بقلم Susan A. Aaronson، Susan Ariel Aaronson، Jamie M. Zimmerman. (2007). — Cambridge. ردمك: 9780511464805
التجارة الدولية: النظرية، اتفاقيات التجارة، وإطار عمل منظمة التجارة العالمية.,https://smarticle.tech/ar/article/international-trade-theory-trade-agreements-and-the-wto-framework-202605150325,Commerce,International Trade and Trade Theory,https://doi.org/10.1007/978-3-540-78265-0_1,"International Trade and Trade Theory. ""International Trade and Trade Theory"". *crossref*, 2008."
التجارة الدولية: النظرية، اتفاقيات التجارة، وإطار عمل منظمة التجارة العالمية.,https://smarticle.tech/ar/article/international-trade-theory-trade-agreements-and-the-wto-framework-202605150325,Commerce,"Conceptual Foundations from Trade, Multinational Firms, and Foreign Direct Investment Theory",https://doi.org/10.1201/9780429037597-6,"Ethier, Wilfred J. ""Conceptual Foundations from Trade, Multinational Firms, and Foreign Direct Investment Theory"". crossref, 2019."
التجارة الدولية: النظرية، اتفاقيات التجارة، وإطار عمل منظمة التجارة العالمية.,https://smarticle.tech/ar/article/international-trade-theory-trade-agreements-and-the-wto-framework-202605150325,Commerce,69The logical (and moral) foundations of unequal exchange trade theory,https://doi.org/10.4324/9781315723129-6,"69The logical (and moral) foundations of unequal exchange trade theory"". *crossref*, 2015."
التجارة الدولية: النظرية، اتفاقيات التجارة، وإطار عمل منظمة التجارة العالمية.,https://smarticle.tech/ar/article/international-trade-theory-trade-agreements-and-the-wto-framework-202605150325,Commerce,Classical International Trade Theories,https://doi.org/10.1007/978-3-540-78265-0_2,"Classical International Trade Theories. ""Classical International Trade Theories"". *crossref*, 2008."
التجارة الدولية: النظرية، اتفاقيات التجارة، وإطار عمل منظمة التجارة العالمية.,https://smarticle.tech/ar/article/international-trade-theory-trade-agreements-and-the-wto-framework-202605150325,Commerce,The national dimension to interpretation in the framework of the WTO,https://doi.org/10.1017/cbo9781107337992.006,"World Trade Organization. ""The national dimension to interpretation in the framework of the WTO"". crossref, 2006."
التجارة الدولية: النظرية، اتفاقيات التجارة، وإطار عمل منظمة التجارة العالمية.,https://smarticle.tech/ar/article/international-trade-theory-trade-agreements-and-the-wto-framework-202605150325,Commerce,A multilateral framework on investment in the WTO: is there a case for it?,https://doi.org/10.5040/9781350222014.ch-007,"World Trade Organization. ""A multilateral framework on investment in the WTO: is there a case for it?"". crossref, 2003."
إدارة سلسلة التوريد العالمية: اللوجستيات، المخاطر، والمرونة.,https://smarticle.tech/ar/article/global-supply-chain-management-logistics-risk-and-resilience-202605150334,Commerce,Supply Chain Risk Management,https://openlibrary.org/works/OL21150109W,Supply Chain Risk Management. بقلم John Manners-Bell. (2017). — Kogan Page. ردمك: 0749480165
إدارة سلسلة التوريد العالمية: اللوجستيات، المخاطر، والمرونة.,https://smarticle.tech/ar/article/global-supply-chain-management-logistics-risk-and-resilience-202605150334,Commerce,Political Risk Management for the Global Supply Chain,https://openlibrary.org/works/OL25315307W,Political Risk Management for the Global Supply Chain. بقلم Ralph L. Kliem. (2021). — Taylor & Francis Group. ردمك: 1000422313
إدارة سلسلة التوريد العالمية: اللوجستيات، المخاطر، والمرونة.,https://smarticle.tech/ar/article/global-supply-chain-management-logistics-risk-and-resilience-202605150334,Commerce,Promoting Logistics and Supply Chain Resilience Through Digital Transformation,https://openlibrary.org/works/OL28429089W,Promoting Logistics and Supply Chain Resilience Through Digital Transformation. بقلم Ilyas Masudin. (2022). — IGI Global. ردمك: 1668458861
إدارة سلسلة التوريد العالمية: اللوجستيات، المخاطر، والمرونة.,https://smarticle.tech/ar/article/global-supply-chain-management-logistics-risk-and-resilience-202605150334,Commerce,Managing Risk of Supply Chain Disruptions,https://openlibrary.org/works/OL21261041W,Managing Risk of Supply Chain Disruptions. بقلم Tong Shu، Shou Chen، Kin Keung Lai. (2014). — Routledge. ردمك: 131577691X
إدارة سلسلة التوريد العالمية: اللوجستيات، المخاطر، والمرونة.,https://smarticle.tech/ar/article/global-supply-chain-management-logistics-risk-and-resilience-202605150334,Commerce,Risk Management in Supply Chains,https://openlibrary.org/works/OL25325025W,Risk Management in Supply Chains. بقلم Mohammad Heydari، Kin Keung Lai، Xiaohu Zhou. (2019). — Taylor & Francis Group. ردمك: 9781000707557
إدارة سلسلة التوريد العالمية: اللوجستيات، المخاطر، والمرونة.,https://smarticle.tech/ar/article/global-supply-chain-management-logistics-risk-and-resilience-202605150334,Commerce,Handbook of integrated risk management in global supply chains,https://archive.org/details/handbookintegrat00kouv,Handbook of integrated risk management in global supply chains. بقلم Panos Kouvelis. (2011). — Wiley. ردمك: 1118115791
إدارة سلسلة التوريد العالمية: اللوجستيات، المخاطر، والمرونة.,https://smarticle.tech/ar/article/global-supply-chain-management-logistics-risk-and-resilience-202605150334,Commerce,X-SCM,https://openlibrary.org/works/OL15571025W,X-SCM. بقلم Lisa H. Harrington. (2010). — Routledge. ردمك: 9781136932670
إدارة سلسلة التوريد العالمية: اللوجستيات، المخاطر، والمرونة.,https://smarticle.tech/ar/article/global-supply-chain-management-logistics-risk-and-resilience-202605150334,Commerce,Supply Chain Risk,https://openlibrary.org/works/OL8477764W,Supply Chain Risk. بقلم Clare Brindley. (2004). — Ashgate Publishing. ردمك: 9781351896894
إدارة سلسلة التوريد العالمية: اللوجستيات، المخاطر، والمرونة.,https://smarticle.tech/ar/article/global-supply-chain-management-logistics-risk-and-resilience-202605150334,Commerce,Why global supply chain management is also total supply chain management,https://doi.org/10.4324/9781003341352-3,"باسو، رون. ""لماذا إدارة سلسلة التوريد العالمية هي أيضاً إدارة سلسلة التوريد الكاملة"". كروسريف، 2023."
إدارة سلسلة التوريد العالمية: اللوجستيات، المخاطر، والمرونة.,https://smarticle.tech/ar/article/global-supply-chain-management-logistics-risk-and-resilience-202605150334,Commerce,Contemporary global challenges in supply chain management,https://doi.org/10.4324/9781003341352-5,"رون باسو. ""التحديات العالمية المعاصرة في إدارة سلسلة التوريد"". كروسريف، 2023."
التجارة الإلكترونية: نماذج الأعمال الرقمية، المدفوعات، واقتصاديات المنصات.,https://smarticle.tech/ar/article/e-commerce-digital-business-models-payments-and-platform-economics-202605150344,Commerce,E-commerce and v-business,https://openlibrary.org/works/OL19806927W,E-commerce and v-business. بقلم Stuart Barnes. (2007). — Butterworth-Heinemann. ردمك: 9781136409004
التجارة الإلكترونية: نماذج الأعمال الرقمية، المدفوعات، واقتصاديات المنصات.,https://smarticle.tech/ar/article/e-commerce-digital-business-models-payments-and-platform-economics-202605150344,Commerce,Digital Business and Electronic Commerce,https://openlibrary.org/works/OL27404698W,Digital Business and Electronic Commerce. بقلم Bernd W. Wirtz. (2021). — Springer International Publishing AG. ردمك: 3030634817
التجارة الإلكترونية: نماذج الأعمال الرقمية، المدفوعات، واقتصاديات المنصات.,https://smarticle.tech/ar/article/e-commerce-digital-business-models-payments-and-platform-economics-202605150344,Commerce,"Consumer-driven e-commerce: A literature review, design framework, and research agenda on last-mile logistics models",https://doi.org/10.1108/IJPDLM-02-2017-0081,"S. Lim, Xin Jin, J. Srai. ""Consumer-driven e-commerce: A literature review, design framework, and research agenda on last-mile logistics models"". semantic_scholar_foundational, ."
التجارة الإلكترونية: نماذج الأعمال الرقمية، المدفوعات، واقتصاديات المنصات.,https://smarticle.tech/ar/article/e-commerce-digital-business-models-payments-and-platform-economics-202605150344,Commerce,"Machine Learning Algorithms for Optimizing Search Personalization and Site Reliability in E-Commerce Platforms A Comparative Analysis of Linear Regression, SVR, and AdaBoost",https://doi.org/10.55124/jaim.v3i3.286,"D. Soundarapandian. ""Machine Learning Algorithms for Optimizing Search Personalization and Site Reliability in E-Commerce Platforms A Comparative Analysis of Linear Regression, SVR, and AdaBoost"". semantic_scholar_foundational, ."
التجارة الإلكترونية: نماذج الأعمال الرقمية، المدفوعات، واقتصاديات المنصات.,https://smarticle.tech/ar/article/e-commerce-digital-business-models-payments-and-platform-economics-202605150344,Commerce,"The Impact of E-commerce giants on SMEs: Challenges, opportunities, and the fight for survival in the digital economy",https://doi.org/10.30574/wjarr.2024.24.2.3182,"Adeola N. Raji, Abiola O. Olawore, Deborah Osahor. ""The Impact of E-commerce giants on SMEs: Challenges, opportunities, and the fight for survival in the digital economy"". semantic_scholar_foundational, ."
التمويل المؤسسي: هيكل رأس المال، التقييم، وقرارات الاستثمار.,https://smarticle.tech/ar/article/corporate-finance-capital-structure-valuation-and-investment-decisions-202605150357,Finance,The Wealth of Nations,https://archive.org/details/inquiryintonatur01smituoft,The Wealth of Nations. بقلم Adam Smith. (1776). — Printed by A. Strahan for T. Cadell jun. and W. Davies. ردمك: 1604598913
التمويل المؤسسي: هيكل رأس المال، التقييم، وقرارات الاستثمار.,https://smarticle.tech/ar/article/corporate-finance-capital-structure-valuation-and-investment-decisions-202605150357,Finance,Das Finanzkapital,https://archive.org/details/nybc211625,Das Finanzkapital. بقلم Rudolf Hilferding. (1904). — Éditions de Minuit. ردمك: 0415436648
التمويل المؤسسي: هيكل رأس المال، التقييم، وقرارات الاستثمار.,https://smarticle.tech/ar/article/corporate-finance-capital-structure-valuation-and-investment-decisions-202605150357,Finance,Financial Management,https://archive.org/details/blueprintsproble0000brig,Financial Management. بقلم Eugene F. Brigham، Michael C. Ehrhardt. (1977). — Dryden Press. ردمك: 9780030177897
التمويل المؤسسي: هيكل رأس المال، التقييم، وقرارات الاستثمار.,https://smarticle.tech/ar/article/corporate-finance-capital-structure-valuation-and-investment-decisions-202605150357,Finance,Understanding Capital Structure Theory: Modigliani and Miller,https://doi.org/10.5040/9781472920386.ch-058,"Modigliani, F. وMiller, M. ""فهم نظرية هيكل رأس المال: Modigliani وMiller"". crossref، 2015."
الأنظمة المصرفية: البنوك المركزية، السياسة النقدية، وتكوين الائتمان.,https://smarticle.tech/ar/article/banking-systems-central-banks-monetary-policy-and-credit-creation-202605150405,Finance,In Fed we trust,https://archive.org/details/infedwetrustbenb00wess,In Fed we trust. بقلم David Wessel. (2009). — Three Rivers Press. ردمك: 9780307459701
الأنظمة المصرفية: البنوك المركزية، السياسة النقدية، وتكوين الائتمان.,https://smarticle.tech/ar/article/banking-systems-central-banks-monetary-policy-and-credit-creation-202605150405,Finance,Global Financial Crisis and the New Monetary Consensus,https://openlibrary.org/works/OL21252246W,Global Financial Crisis and the New Monetary Consensus. بقلم Marc Pilkington. (2013). — Routledge. ردمك: 9780415524056
الأنظمة المصرفية: البنوك المركزية، السياسة النقدية، وتكوين الائتمان.,https://smarticle.tech/ar/article/banking-systems-central-banks-monetary-policy-and-credit-creation-202605150405,Finance,The Economics of Central Banking,https://openlibrary.org/works/OL20593149W,The Economics of Central Banking. بقلم Livio Stracca. (2018). — Routledge. ردمك: 1138496715
الأنظمة المصرفية: البنوك المركزية، السياسة النقدية، وتكوين الائتمان.,https://smarticle.tech/ar/article/banking-systems-central-banks-monetary-policy-and-credit-creation-202605150405,Finance,Political Economy of U. S. Monetary Policy,https://openlibrary.org/works/OL21288119W,Political Economy of U. S. Monetary Policy. بقلم Edwin Dickens. (2016). — Taylor & Francis Group. ردمك: 9781317438298
الأنظمة المصرفية: البنوك المركزية، السياسة النقدية، وتكوين الائتمان.,https://smarticle.tech/ar/article/banking-systems-central-banks-monetary-policy-and-credit-creation-202605150405,Finance,Understanding Central Banking,https://openlibrary.org/works/OL21259675W,"Understanding Central Banking. بقلم Jones, David M.. (2014). — Taylor & Francis Group. ردمك: 9781315698502"
الأنظمة المصرفية: البنوك المركزية، السياسة النقدية، وتكوين الائتمان.,https://smarticle.tech/ar/article/banking-systems-central-banks-monetary-policy-and-credit-creation-202605150405,Finance,Central Banking in a Democracy,https://openlibrary.org/works/OL21268599W,Central Banking in a Democracy. بقلم John H. Wood. (2014). — Taylor & Francis Group. ردمك: 9781322212128
الأنظمة المصرفية: البنوك المركزية، السياسة النقدية، وتكوين الائتمان.,https://smarticle.tech/ar/article/banking-systems-central-banks-monetary-policy-and-credit-creation-202605150405,Finance,Advanced Introduction to Central Banks and Monetary Policy,https://openlibrary.org/works/OL28017577W,"Advanced Introduction to Central Banks and Monetary Policy. بقلم Christiaan Pattipeilohy، Jakob De Haan. (2022). — Elgar Publishing Limited, Edward. ردمك: 9781839104862"
الأنظمة المصرفية: البنوك المركزية، السياسة النقدية، وتكوين الائتمان.,https://smarticle.tech/ar/article/banking-systems-central-banks-monetary-policy-and-credit-creation-202605150405,Finance,Monetary policy in the euro area,https://archive.org/details/monetarypolicyin0000unse_r7c9,Monetary policy in the euro area. بقلم Otmar Issing، Vitor Gaspar، Ignazio Angeloni. (2001). — Cambridge University Press. ردمك: 0511046413
الأنظمة المصرفية: البنوك المركزية، السياسة النقدية، وتكوين الائتمان.,https://smarticle.tech/ar/article/banking-systems-central-banks-monetary-policy-and-credit-creation-202605150405,Finance,Monetary policy at work: Security and credit application registers evidence,https://doi.org/10.2139/SSRN.2958917,"بيدرو، ج.، بولو، أ.، سيتّي، إ. ""السياسة النقدية في العمل: أدلة من سجلات الضمانات وتطبيقات الائتمان"". semantic_scholar_foundational، 2017."
الأنظمة المصرفية: البنوك المركزية، السياسة النقدية، وتكوين الائتمان.,https://smarticle.tech/ar/article/banking-systems-central-banks-monetary-policy-and-credit-creation-202605150405,Finance,"Monetary Policy, Labor Income Redistribution and the Credit Channel: Evidence from Matched Employer-Employee and Credit Registers",https://doi.org/10.2139/ssrn.3930286,"ياسوفا، م.، مينديتشينو، ك.، بانيتّي، إ.، بيدرو، ج.، سوپيرا، د. ""السياسة النقدية، وإعادة توزيع دخل العمل، وقناة الائتمان: أدلة من سجلات أصحاب العمل-الموظفين المتطابقة وسجلات الائتمان"". semantic_scholar_foundational، 2021."
التمويل الإسلامي: المبادئ، الأدوات، والنمو العالمي.,https://smarticle.tech/ar/article/islamic-finance-principles-instruments-and-global-growth-202605180423,Finance,Islamic finance,https://archive.org/details/islamicfinancere0000unse,Islamic finance. بقلم Simon Archer، Rifaat Ahmed Abdel Karim، Simon Archer. (2007). — J. Wiley. ردمك: 9781118247068
التمويل الإسلامي: المبادئ، الأدوات، والنمو العالمي.,https://smarticle.tech/ar/article/islamic-finance-principles-instruments-and-global-growth-202605180423,Finance,Globalization and Islamic Finance,https://openlibrary.org/works/OL25117148W,"Globalization and Islamic Finance. بقلم Hossein Askari، Zamir Iqbal، Abbas Mirakhor. (2011). — Wiley & Sons, Incorporated, John. ردمك: 9781283401470"
التمويل الإسلامي: المبادئ، الأدوات، والنمو العالمي.,https://smarticle.tech/ar/article/islamic-finance-principles-instruments-and-global-growth-202605180423,Finance,Islamic Capital Markets,https://archive.org/details/islamiccapitalma0000isma,Islamic Capital Markets. بقلم Obiyathulla Ismath Bacha، Abbas Mirakhor. (2013). — Wiley. ردمك: 9789811204012
التمويل الإسلامي: المبادئ، الأدوات، والنمو العالمي.,https://smarticle.tech/ar/article/islamic-finance-principles-instruments-and-global-growth-202605180423,Finance,Islamic banking and finance in South-east Asia,https://archive.org/details/islamicbankingfi0000vena,Islamic banking and finance in South-east Asia. بقلم Angelo M. Venardos. (2005). — World Scientific. ردمك: 9814350435
التمويل الإسلامي: المبادئ، الأدوات، والنمو العالمي.,https://smarticle.tech/ar/article/islamic-finance-principles-instruments-and-global-growth-202605180423,Finance,The Islamic Debt Market for Sukuk Securities,https://archive.org/details/islamicdebtmarke0000unse,"The Islamic Debt Market for Sukuk Securities. بقلم Mohamed Ariff، Munawar Iqbal، Shamsher Mohamad. (2012). — Elgar Publishing Limited, Edward. ردمك: 1781006504"
التمويل الإسلامي: المبادئ، الأدوات، والنمو العالمي.,https://smarticle.tech/ar/article/islamic-finance-principles-instruments-and-global-growth-202605180423,Finance,Islamic Financial Products,https://openlibrary.org/works/OL20840164W,Islamic Financial Products. بقلم Mohd Ma'Sum Billah. (2019). — Palgrave Macmillan. ردمك: 3030176231
التمويل الإسلامي: المبادئ، الأدوات، والنمو العالمي.,https://smarticle.tech/ar/article/islamic-finance-principles-instruments-and-global-growth-202605180423,Finance,Ṣukūk al-tamwīl al-Islāmīyah,https://openlibrary.org/works/OL32331178W,Ṣukūk al-tamwīl al-Islāmīyah. بقلم Muḥammad ibn ʻAlī Qarrī. (2019). — Dār al-Maymān lil-Nashr wa-al-Tawzīʻ. ردمك: 9786038181522
التمويل الإسلامي: المبادئ، الأدوات، والنمو العالمي.,https://smarticle.tech/ar/article/islamic-finance-principles-instruments-and-global-growth-202605180423,Finance,History and Growth of Islamic Banking and Finance,https://doi.org/10.1007/978-0-230-50322-9_4,"إقبال، منور؛ مولينوكس، فيليب. ""تاريخ ونمو المصرفية والمالية الإسلامية"". كروسرف، 2005."
التمويل الإسلامي: المبادئ، الأدوات، والنمو العالمي.,https://smarticle.tech/ar/article/islamic-finance-principles-instruments-and-global-growth-202605180423,Finance,The Birth and Evolution of Modern Islamic Banking,https://doi.org/10.4337/9780857931481.00023,"جيزاكتشا، مراد. ""نشأة وتطور المصرفية الإسلامية الحديثة"". كروسرف، 2011."
التمويل الإسلامي: المبادئ، الأدوات، والنمو العالمي.,https://smarticle.tech/ar/article/islamic-finance-principles-instruments-and-global-growth-202605180423,Finance,"Development, History and Prospects of Islamic Banking",https://doi.org/10.4337/9781849807937.00012,"منور إقبال. ""تطور وتاريخ وآفاق المصرفية الإسلامية"". كروسرف، 2011."
البورصات: بنية السوق الدقيقة، تقييم الأسهم، وأنظمة التداول.,https://smarticle.tech/ar/article/stock-exchanges-market-microstructure-equity-valuation-and-trading-systems-202605180433,Markets,"The Anatomy of Exchange-Alley : Or, a System of Stock-jobbing. Proving That Scandalous Trade, as it is now Carry'd on, to be Knavish in its Private Pr",https://openlibrary.org/works/OL24616690W,"The Anatomy of Exchange-Alley : Or, a System of Stock-jobbing. Proving That Scandalous Trade, as it is now Carry'd on, to be Knavish in its Private Practice, and Treason in its Publick. بقلم Daniel Defoe. (2018). — Gale ECCO, Print Editions. ردمك: 9781385348871"
البورصات: بنية السوق الدقيقة، تقييم الأسهم، وأنظمة التداول.,https://smarticle.tech/ar/article/stock-exchanges-market-microstructure-equity-valuation-and-trading-systems-202605180433,Markets,The Anatomy of Exchange-Alley,https://openlibrary.org/works/OL26136703W,"The Anatomy of Exchange-Alley. بقلم Daniel Defoe. (2018). — Gale Ecco, Print Editions. ردمك: 9781379883425"
البورصات: بنية السوق الدقيقة، تقييم الأسهم، وأنظمة التداول.,https://smarticle.tech/ar/article/stock-exchanges-market-microstructure-equity-valuation-and-trading-systems-202605180433,Markets,Introduction to Trading in the Financial Markets : Technology,https://openlibrary.org/works/OL26303090W,"Introduction to Trading in the Financial Markets : Technology. بقلم R. ""Tee"" Williams. (2011). — Elsevier Science & Technology Books. ردمك: 9780080951195"
البورصات: بنية السوق الدقيقة، تقييم الأسهم، وأنظمة التداول.,https://smarticle.tech/ar/article/stock-exchanges-market-microstructure-equity-valuation-and-trading-systems-202605180433,Markets,AN INTRODUCTION TO TRADING IN THE FINANCIAL MARKETS,https://openlibrary.org/works/OL16286509W,AN INTRODUCTION TO TRADING IN THE FINANCIAL MARKETS. بقلم R. Tee Williams. (2011). — ELSEVIER. ردمك: 0123748402
البورصات: بنية السوق الدقيقة، تقييم الأسهم، وأنظمة التداول.,https://smarticle.tech/ar/article/stock-exchanges-market-microstructure-equity-valuation-and-trading-systems-202605180433,Markets,"The anatomy of Exchange-Alley, or, A system of stock-jobbing",https://openlibrary.org/works/OL44441314W,"The anatomy of Exchange-Alley, or, A system of stock-jobbing. بقلم Daniel Defoe، E. Smith. (1719). — Printed for E. Smith"
البورصات: بنية السوق الدقيقة، تقييم الأسهم، وأنظمة التداول.,https://smarticle.tech/ar/article/stock-exchanges-market-microstructure-equity-valuation-and-trading-systems-202605180433,Markets,"Foundations of ESG Investing: How ESG Affects Equity Valuation, Risk, and Performance",https://doi.org/10.3905/jpm.2019.45.5.069,"ج. غيز، ليندا-إيلينغ لي، د. ميلاس، ز. ناجي، لورا نيشيكاوا. ""مبادئ الاستثمار في معايير البيئة والاجتماعية والحوكمة: كيف تؤثر معايير البيئة والاجتماعية والحوكمة على تقييم الأسهم والمخاطر والأداء"". مجلة إدارة المحافظ الاستثمارية، 2019."
البورصات: بنية السوق الدقيقة، تقييم الأسهم، وأنظمة التداول.,https://smarticle.tech/ar/article/stock-exchanges-market-microstructure-equity-valuation-and-trading-systems-202605180433,Markets,Reinforcement Learning for Quantitative Trading,https://arxiv.org/abs/2109.13851,"سون، شُعُو، ر. وانغ، وبُو آن. ""التعلم المعزز للتجارة الكمية"". *semantic_scholar_foundational*، 2021."
البورصات: بنية السوق الدقيقة، تقييم الأسهم، وأنظمة التداول.,https://smarticle.tech/ar/article/stock-exchanges-market-microstructure-equity-valuation-and-trading-systems-202605180433,Markets,Automated trading systems statistical and machine learning methods and hardware implementation: a survey,https://doi.org/10.1080/17517575.2018.1493145,"هوانغ، بومينغ وآخرون. ""أنظمة التداول الآلية: طرق إحصائية وتعلم آلي وتنفيذ على الأجهزة - دراسة استقصائية"". *semantic_scholar_foundational*، 2018."
البورصات: بنية السوق الدقيقة، تقييم الأسهم، وأنظمة التداول.,https://smarticle.tech/ar/article/stock-exchanges-market-microstructure-equity-valuation-and-trading-systems-202605180433,Markets,Foundations of Climate Investing: How Equity Markets Have Priced Climate-Transition Risks,https://doi.org/10.3905/jpm.2021.1.283,"ج. غيز، ز. ناجي، ب. راويس. ""مبادئ الاستثمار المناخي: كيف قامت أسواق الأسهم بتسعير مخاطر انتقال المناخ"". *semantic_scholar_foundational*، 2021."
البورصات: بنية السوق الدقيقة، تقييم الأسهم، وأنظمة التداول.,https://smarticle.tech/ar/article/stock-exchanges-market-microstructure-equity-valuation-and-trading-systems-202605180433,Markets,"A Survey on Big Data Market: Pricing, Trading and Protection",https://doi.org/10.1109/ACCESS.2018.2806881,"فان ليانغ، وي يو، دُو آن، تشينغ يو يانغ، شينوين فو، وي زهاو. ""دراسة استقصائية حول سوق البيانات الضخمة: التسعير والتجارة والحماية"". *IEEE Access*، 2018."
أسواق الصرف الأجنبي: تحديد العملة وتداول الفوركس.,https://smarticle.tech/ar/article/foreign-exchange-markets-currency-determination-and-forex-trading-202605180441,Markets,World economic outlook,https://archive.org/details/worldeconomicout1997unse,World economic outlook. بقلم International Monetary Fund.. (1980). — IMF. ردمك: 1557756813
أسواق الصرف الأجنبي: تحديد العملة وتداول الفوركس.,https://smarticle.tech/ar/article/foreign-exchange-markets-currency-determination-and-forex-trading-202605180441,Markets,Chinese Currency and Exchange Rates Analysis,https://openlibrary.org/works/OL21306328W,Chinese Currency and Exchange Rates Analysis. بقلم Jiangze Du، Jying-Nan Wang، Kin Keung Lai. (2017). — Taylor & Francis Group. ردمك: 1315172216
أسواق الصرف الأجنبي: تحديد العملة وتداول الفوركس.,https://smarticle.tech/ar/article/foreign-exchange-markets-currency-determination-and-forex-trading-202605180441,Markets,Inside the Currency Market,https://openlibrary.org/works/OL21464059W,"Inside the Currency Market. بقلم Brian Twomey، John R. Hill. (2011). — Wiley & Sons, Limited, John. ردمك: 9781299314238"
أسواق الصرف الأجنبي: تحديد العملة وتداول الفوركس.,https://smarticle.tech/ar/article/foreign-exchange-markets-currency-determination-and-forex-trading-202605180441,Markets,Foreign Exchange Markets and Foreign Exchange Rates,https://doi.org/10.1007/3-540-28524-5_1,"بيجي وانغ. ""أسواق الصرف الأجنبي وأسعار صرف العملات الأجنبية"". كروسريف، 2009."
أسواق الصرف الأجنبي: تحديد العملة وتداول الفوركس.,https://smarticle.tech/ar/article/foreign-exchange-markets-currency-determination-and-forex-trading-202605180441,Markets,Determinants and Effectiveness of Foreign Exchange Market Intervention in Georgia,https://doi.org/10.2753/ree1540-496x470405,"أولغا لواسو-أسلانيدي. ""العوامل المحددة وفعالية تدخل سوق الصرف الأجنبي في جورجيا"". كروسريف، 2011."
أسواق الصرف الأجنبي: تحديد العملة وتداول الفوركس.,https://smarticle.tech/ar/article/foreign-exchange-markets-currency-determination-and-forex-trading-202605180441,Markets,Economic FX Rate Exposure Management and Invoicing Currency Determination,https://doi.org/10.15798/kaici.9.4.200712.107,"تشانغ-كوين مون؛ إيم تشون هو. ""إدارة التعرض لمعدل صرف العملات الاقتصادية وتحديد عملة الفوترة"". كروسريف، 2007."
أسواق الصرف الأجنبي: تحديد العملة وتداول الفوركس.,https://smarticle.tech/ar/article/foreign-exchange-markets-currency-determination-and-forex-trading-202605180441,Markets,"Currency restrictions, government transaction policies and currency exchange",https://doi.org/10.1007/s00199-002-0271-1,"كريستوفر جاي. والر؛ إليزابيث إس. كورتيس. ""قيود العملات، وسياسات المعاملات الحكومية، وتبادل العملات"". *كروسريف*، 2003."
أسواق الصرف الأجنبي: تحديد العملة وتداول الفوركس.,https://smarticle.tech/ar/article/foreign-exchange-markets-currency-determination-and-forex-trading-202605180441,Markets,"The Future of Forex Trading: Algorithms, Artificial Intelligence, and Social Forex Trading",https://doi.org/10.1007/978-3-319-92913-2_8,"آبي كوفناس. ""مستقبل تداول الفوركس: الخوارزميات، الذكاء الاصطناعي، وتداول الفوركس الاجتماعي"". كروسريف، 2018."
أسواق الصرف الأجنبي: تحديد العملة وتداول الفوركس.,https://smarticle.tech/ar/article/foreign-exchange-markets-currency-determination-and-forex-trading-202605180441,Markets,Historical And Cultural/Institutional Context of Foreign Exchange Black Markets in Latin America,https://doi.org/10.5040/9798216968559.ch-002,"السياق التاريخي والمؤسسي/الثقافي لسوق الصرف الأجنبي السوداء في أمريكا اللاتينية. ""السياق التاريخي والمؤسسي/الثقافي لسوق الصرف الأجنبي السوداء في أمريكا اللاتينية"". كروسريف، 1994."
أسواق السلع: النفط والذهب والمنتجات الزراعية وتكوين الأسعار.,https://smarticle.tech/ar/article/commodity-markets-oil-gold-agricultural-products-and-price-formation-202605180448,Markets,CMT Level I,https://openlibrary.org/works/OL29029878W,"CMT Level I. بقلم Market Technician's Association. (2015). — Wiley & Sons, Incorporated, John. ردمك: 9781119130970"
أسواق السلع: النفط والذهب والمنتجات الزراعية وتكوين الأسعار.,https://smarticle.tech/ar/article/commodity-markets-oil-gold-agricultural-products-and-price-formation-202605180448,Markets,Trader's First Book on Commodities,https://openlibrary.org/works/OL21577389W,"Trader's First Book on Commodities. بقلم Carley Garner. (2015). — DeCarley Trading, LLC. ردمك: 9781948018005"
أسواق السلع: النفط والذهب والمنتجات الزراعية وتكوين الأسعار.,https://smarticle.tech/ar/article/commodity-markets-oil-gold-agricultural-products-and-price-formation-202605180448,Markets,Commodities III: Speculation on (Agricultural) Commodity Derivatives and Financialization of Commodity-Price Formation,https://doi.org/10.1057/9781137302342_16,"لوك نijs. ""السلع III: المضاربة على مشتقات السلع الزراعية ومالية السلع: تشكيل أسعار السلع"". Crossref، 2014."
أسواق السلع: النفط والذهب والمنتجات الزراعية وتكوين الأسعار.,https://smarticle.tech/ar/article/commodity-markets-oil-gold-agricultural-products-and-price-formation-202605180448,Markets,Price Formation and Price Trends in Commodities,https://doi.org/10.1017/9781316416945.006,"""تشكيل الأسعار واتجاهات الأسعار في السلع"". Crossref، 2020."
أسواق السلع: النفط والذهب والمنتجات الزراعية وتكوين الأسعار.,https://smarticle.tech/ar/article/commodity-markets-oil-gold-agricultural-products-and-price-formation-202605180448,Markets,Modeling Price Volatility for Selected Agricultural Commodities in Ethiopia: The Application of GARCH Models,https://doi.org/10.21203/rs.3.rs-664913/v1,"Tirngo. ""نمذجة تقلب الأسعار للسلع الزراعية المختارة في إثيوبيا: تطبيق نماذج GARCH"". Crossref، 2021."
أسواق السلع: النفط والذهب والمنتجات الزراعية وتكوين الأسعار.,https://smarticle.tech/ar/article/commodity-markets-oil-gold-agricultural-products-and-price-formation-202605180448,Markets,The commodities' financialization : price formation and co-movements,https://doi.org/10.70675/37aea3faza817z43d2za425z88be1baad014,"Amine Loutia. ""مالية السلع: تشكيل الأسعار والتحركات المشتركة"". Crossref، 2023."
أسواق السلع: النفط والذهب والمنتجات الزراعية وتكوين الأسعار.,https://smarticle.tech/ar/article/commodity-markets-oil-gold-agricultural-products-and-price-formation-202605180448,Markets,"Dynamic correlations between BRIC and U.S. stock markets: The asymmetric impact of volatility expectations in oil, gold and financial markets",https://doi.org/10.1016/j.jcomm.2017.08.001,"Baris Kocaarslan، Ramazan Sari، Alper Gormus، Ugur Soytas. ""الارتباطات الديناميكية بين أسواق BRIC وسوق الولايات المتحدة: الأثر غير對称 لتوقعات التقلب في النفط والذهب والأسواق المالية"". Crossref، 2017."
أسواق السلع: النفط والذهب والمنتجات الزراعية وتكوين الأسعار.,https://smarticle.tech/ar/article/commodity-markets-oil-gold-agricultural-products-and-price-formation-202605180448,Markets,Chaotic price dynamics of agricultural commodities,https://doi.org/10.33915/etd.2108,"Cromwell، Jeff B. ""الديناميكيات الفوضوية لأسعار السلع الزراعية"". Crossref، 2021."
المحاسبة المالية: القوائم العمومية، قوائم الدخل، ومعايير IFRS.,https://smarticle.tech/ar/article/financial-accounting-balance-sheets-income-statements-and-ifrs-202605180457,Accounting,Bible,https://archive.org/details/holybiblesoarran01unse,Bible. بقلم Bible. (1200). — Logos Research Systems. ردمك: 1558190198
المحاسبة المالية: القوائم العمومية، قوائم الدخل، ومعايير IFRS.,https://smarticle.tech/ar/article/financial-accounting-balance-sheets-income-statements-and-ifrs-202605180457,Accounting,Federally chartered corporation,https://openlibrary.org/works/OL158967W,Federally chartered corporation. بقلم United States. General Accounting Office. Accounting and Information Management Division. (1998). — U.S. General Accounting Office
المحاسبة المالية: القوائم العمومية، قوائم الدخل، ومعايير IFRS.,https://smarticle.tech/ar/article/financial-accounting-balance-sheets-income-statements-and-ifrs-202605180457,Accounting,Financial audit,https://openlibrary.org/works/OL565229W,Financial audit. بقلم United States. General Accounting Office. (1943). — U.S. General Accounting Office [distributor
المحاسبة المالية: القوائم العمومية، قوائم الدخل، ومعايير IFRS.,https://smarticle.tech/ar/article/financial-accounting-balance-sheets-income-statements-and-ifrs-202605180457,Accounting,Introduction to financial accounting,https://archive.org/details/introductiontofi8th00horn,Introduction to financial accounting. بقلم Charles T. Horngren. (1981). — Prentice Hall PTR. ردمك: 0131479725
المحاسبة المالية: القوائم العمومية، قوائم الدخل، ومعايير IFRS.,https://smarticle.tech/ar/article/financial-accounting-balance-sheets-income-statements-and-ifrs-202605180457,Accounting,Financial management of health care organizations,https://archive.org/details/financialmanagem0000zelm_y8e5,"Financial management of health care organizations. بقلم William N. Zelman. (2008). — Wiley & Sons, Incorporated, John. ردمك: 9781118466568"
المحاسبة المالية: القوائم العمومية، قوائم الدخل، ومعايير IFRS.,https://smarticle.tech/ar/article/financial-accounting-balance-sheets-income-statements-and-ifrs-202605180457,Accounting,"From balance sheet to income statement: a study of a transition in accounting thought in the USA, 1926‐1936",https://doi.org/10.1108/09513579710166721,"Buckmaster, Dale and Jones, Scott. ""From balance sheet to income statement: a study of a transition in accounting thought in the USA, 1926‐1936"". *crossref*, 1997."
المحاسبة المالية: القوائم العمومية، قوائم الدخل، ومعايير IFRS.,https://smarticle.tech/ar/article/financial-accounting-balance-sheets-income-statements-and-ifrs-202605180457,Accounting,"An international comparison of income statement and balance sheet information: Germany, Japan and the US",https://doi.org/10.1080/0963818022000001127,"Black, Ervin L., and John J. White. ""An international comparison of income statement and balance sheet information: Germany, Japan and the US"". crossref, 2003."
المحاسبة الإدارية: تحليل التكاليف، إعداد الميزانيات، وقياس الأداء.,https://smarticle.tech/ar/article/managerial-accounting-cost-analysis-budgeting-and-performance-measurement-202605180505,Accounting,Managerial Accounting,https://archive.org/details/managerialaccoun00weyg_0,Managerial Accounting. بقلم Jerry J. Weygandt. (1999). — John Wiley & Sons. ردمك: 0470086491
المحاسبة الإدارية: تحليل التكاليف، إعداد الميزانيات، وقياس الأداء.,https://smarticle.tech/ar/article/managerial-accounting-cost-analysis-budgeting-and-performance-measurement-202605180505,Accounting,Introduction to management accounting,https://archive.org/details/introductiontoma0000horn_b2u9,Introduction to management accounting. بقلم Charles T. Horngren. (1978). — Pearson/Prentice-Hall. ردمك: 0134878361
المحاسبة الإدارية: تحليل التكاليف، إعداد الميزانيات، وقياس الأداء.,https://smarticle.tech/ar/article/managerial-accounting-cost-analysis-budgeting-and-performance-measurement-202605180505,Accounting,Cost accounting,https://archive.org/details/costaccounting00char,"Cost accounting. بقلم Charles T. Horngren، George Foster، Srikant M. Datar. (1962). — Pearson Education, Limited. ردمك: 9780137605545"
المحاسبة الإدارية: تحليل التكاليف، إعداد الميزانيات، وقياس الأداء.,https://smarticle.tech/ar/article/managerial-accounting-cost-analysis-budgeting-and-performance-measurement-202605180505,Accounting,Introduction to managerial accounting,https://archive.org/details/introductiontoma0000unse_v3o3,Introduction to managerial accounting. بقلم Peter C. Brewer، Ray H. Garrison، Eric Noreen. (2003). — McGraw Hill Higher Education. ردمك: 9780073379357
المحاسبة الإدارية: تحليل التكاليف، إعداد الميزانيات، وقياس الأداء.,https://smarticle.tech/ar/article/managerial-accounting-cost-analysis-budgeting-and-performance-measurement-202605180505,Accounting,Financial and Managerial Accounting,https://archive.org/details/financialmanager00need,Financial and Managerial Accounting. بقلم Belverd E. Needles. (1988). — Myself. ردمك: 0618023119
المحاسبة الإدارية: تحليل التكاليف، إعداد الميزانيات، وقياس الأداء.,https://smarticle.tech/ar/article/managerial-accounting-cost-analysis-budgeting-and-performance-measurement-202605180505,Accounting,Bundle,https://openlibrary.org/works/OL26564115W,Bundle. بقلم Carl S. Warren. (2015). — Cengage Learning. ردمك: 9780357533550
المحاسبة الإدارية: تحليل التكاليف، إعداد الميزانيات، وقياس الأداء.,https://smarticle.tech/ar/article/managerial-accounting-cost-analysis-budgeting-and-performance-measurement-202605180505,Accounting,Introduction To Accounting And Finance,https://archive.org/details/introductiontoac0000blac,Introduction To Accounting And Finance. بقلم Geoff Black. (2005). — FT Prentice Hall. ردمك: 9780273697947
المحاسبة الإدارية: تحليل التكاليف، إعداد الميزانيات، وقياس الأداء.,https://smarticle.tech/ar/article/managerial-accounting-cost-analysis-budgeting-and-performance-measurement-202605180505,Accounting,"Standard Costing, Variance Analysis, and Cost Internal Control",https://doi.org/10.4324/9781003486091-15,"خان، أمان. ""المحاسبة بالتكاليف المعيارية، وتحليل الانحرافات، وضبط التكاليف الداخلية"". كروسريف، 2025."
المحاسبة الإدارية: تحليل التكاليف، إعداد الميزانيات، وقياس الأداء.,https://smarticle.tech/ar/article/managerial-accounting-cost-analysis-budgeting-and-performance-measurement-202605180505,Accounting,Improving Managerial Cost Accounting And Product Cost Calculation: A Contemporary Approach,https://doi.org/10.55640/jme-06-02-02,"جوراييف جهانغير أشوربوي أوغلي. ""تحسين محاسبة التكاليف الإدارية وحساب تكلفة المنتج: نهج معاصر"". كروسريف، 2026."
المحاسبة الإدارية: تحليل التكاليف، إعداد الميزانيات، وقياس الأداء.,https://smarticle.tech/ar/article/managerial-accounting-cost-analysis-budgeting-and-performance-measurement-202605180505,Accounting,Integrating Performance Measurement and Budgeting,https://doi.org/10.5040/9798216980223.ch-006,"جيراسموس إيه. جياناكيس. ""دمج قياس الأداء والموازنة"". كروسريف، 1996."
التدقيق: معايير التدقيق الخارجي، الاستقلال، والحوكمة المؤسسية.,https://smarticle.tech/ar/article/auditing-external-audit-standards-independence-and-corporate-governance-202605180512,Accounting,Scientific Reference,https://archive.org/details/cihm_02923,Bill. بقلم Canada. Legislature. Legislative Assembly.. (2002). — S. Derbishire & G. Desbarats. ردمك: 9780659029829
التدقيق: معايير التدقيق الخارجي، الاستقلال، والحوكمة المؤسسية.,https://smarticle.tech/ar/article/auditing-external-audit-standards-independence-and-corporate-governance-202605180512,Accounting,IT Governance,https://archive.org/details/itgovernanceinte0000cald_s9r6,IT Governance. بقلم Alan Calder، Steve Watkins. (2005). — IT Governance Ltd. ردمك: 9781789660302
التدقيق: معايير التدقيق الخارجي، الاستقلال، والحوكمة المؤسسية.,https://smarticle.tech/ar/article/auditing-external-audit-standards-independence-and-corporate-governance-202605180512,Accounting,Principles of auditing,https://archive.org/details/principlesofaudi0000unse_f7b7,"Principles of auditing. بقلم Rick Hayes، Roger Dassen، Arnold Schilder. (2004). — Pearson Education, Limited. ردمك: 0273684108"
التدقيق: معايير التدقيق الخارجي، الاستقلال، والحوكمة المؤسسية.,https://smarticle.tech/ar/article/auditing-external-audit-standards-independence-and-corporate-governance-202605180512,Accounting,Corporate Governance and the Audit Committee,https://doi.org/10.1007/0-306-47655-x_1,"Corporate Governance and the Audit Committee. ""Corporate Governance and the Audit Committee"". Crossref, 2002."
التدقيق: معايير التدقيق الخارجي، الاستقلال، والحوكمة المؤسسية.,https://smarticle.tech/ar/article/auditing-external-audit-standards-independence-and-corporate-governance-202605180512,Accounting,Corporate Governance and Performance of Audit Committee and Internal Audit Functions in an Emerging Economy’s Public Sector,https://doi.org/10.1177/0974686220923789,"Shewangu Dzomira. ""Corporate Governance and Performance of Audit Committee and Internal Audit Functions in an Emerging Economy’s Public Sector"". crossref, 2020."
التدقيق: معايير التدقيق الخارجي، الاستقلال، والحوكمة المؤسسية.,https://smarticle.tech/ar/article/auditing-external-audit-standards-independence-and-corporate-governance-202605180512,Accounting,The Audit Committee: Performing Corporate Governance,https://doi.org/10.1007/b110877,"The Audit Committee. ""The Audit Committee: Performing Corporate Governance"". crossref, 2002."
التدقيق: معايير التدقيق الخارجي، الاستقلال، والحوكمة المؤسسية.,https://smarticle.tech/ar/article/auditing-external-audit-standards-independence-and-corporate-governance-202605180512,Accounting,"Auditor Competence, Auditor Independence, Auditor Experience, Audit Fees and Time Budget Pressure against Fraud Detection",https://doi.org/10.5373/jardcs/v11i12/20193208,"Wike Pratiwi et al. ""Auditor Competence, Auditor Independence, Auditor Experience, Audit Fees and Time Budget Pressure against Fraud Detection"". *crossref*, 2019."
التدقيق: معايير التدقيق الخارجي، الاستقلال، والحوكمة المؤسسية.,https://smarticle.tech/ar/article/auditing-external-audit-standards-independence-and-corporate-governance-202605180512,Accounting,Audit Committee Oversight of External Audit,https://doi.org/10.5040/9781784514471.chaptere6,"Audit Committee Oversight of External Audit. ""Audit Committee Oversight of External Audit"". *crossref*, 2025."
التدقيق: معايير التدقيق الخارجي، الاستقلال، والحوكمة المؤسسية.,https://smarticle.tech/ar/article/auditing-external-audit-standards-independence-and-corporate-governance-202605180512,Accounting,Addressing the Auditor Independence Puzzle: Regulatory Models and Proposal for Reform,https://doi.org/10.2139/ssrn.3476683,"Gelter, Martin, and Aurelio Gurrea-Martínez. ""Addressing the Auditor Independence Puzzle: Regulatory Models and Proposal for Reform"". crossref, 2019."
التدقيق: معايير التدقيق الخارجي، الاستقلال، والحوكمة المؤسسية.,https://smarticle.tech/ar/article/auditing-external-audit-standards-independence-and-corporate-governance-202605180512,Accounting,A Proposed Framework Emphasizing Auditor Reliability over Auditor Independence,https://doi.org/10.2308/acch.2003.17.3.257,"Taylor, Mark H., F. Todd DeZoort, Edward Munn, and Martha Wetterhall Thomas. ""A Proposed Framework Emphasizing Auditor Reliability over Auditor Independence"". crossref, 2003."
إدارة العلامة التجارية: هوية العلامة التجارية، قيمتها، وولاء العملاء,https://smarticle.tech/ar/article/brand-management-brand-identity-equity-and-consumer-loyalty-202605180520,Marketing,Effects of Corporate Social Responsibility on consumer brand loyalty,https://doi.org/10.7819/RBGN.V21I3.4003,"ريفيرا، ج.، بيغن، إ.، كوراس-بيريز، ر. ""تأثير المسؤولية الاجتماعية للشركات على ولاء المستهلك للعلامة التجارية"". semantic_scholar_foundational، 2021."
إدارة العلامة التجارية: هوية العلامة التجارية، قيمتها، وولاء العملاء,https://smarticle.tech/ar/article/brand-management-brand-identity-equity-and-consumer-loyalty-202605180520,Marketing,CSR and Consumer Loyalty: Moderating Role of Consumer Characteristics: A comparative study of the banking Industry,https://doi.org/10.47067/ramss.v6i1.293,"ميرزا، ف.، حسن، أ.، يوناس، س.، وغازي، ب. ر. ""المسؤولية الاجتماعية للشركات والولاء الاستهلاكي: الدور الت Moderating لخصائص المستهلك: دراسة مقارنة للصناعة المصرفية"". semantic_scholar_foundational، 2023."
إدارة العلامة التجارية: هوية العلامة التجارية، قيمتها، وولاء العملاء,https://smarticle.tech/ar/article/brand-management-brand-identity-equity-and-consumer-loyalty-202605180520,Marketing,Factors Influencing of Social Media on Consumer Perception and Purchase Intention Towards Brand Loyalty: A Conceptual Paper,https://doi.org/10.26668/businessreview/2023.v8i5.1571,"كوماراديبان، ف.، أزام، ف.، وثام، ج. ""العوامل المؤثرة لوسائل التواصل الاجتماعي على إدراك المستهلك ونية الشراء تجاه ولاء العلامة التجارية: ورقة مفاهيمية"". semantic_scholar_foundational، 2023."
إدارة العلامة التجارية: هوية العلامة التجارية، قيمتها، وولاء العملاء,https://smarticle.tech/ar/article/brand-management-brand-identity-equity-and-consumer-loyalty-202605180520,Marketing,Exploring the Influence of Positive- and-Negative Electronic Word of Mouth on Online Consumer Behaviour and Customer Loyalty,https://doi.org/10.1177/23197145241229915,"فيلنادار، ر.، تشيلايا كومارافيل، س.، عبد اللطيف، ج. ت.، جاياسيريل، س. م.، روهيت، أولسون، ب. ج.، وباراييتام، س. ""استكشاف تأثير الكلام الشفهي الإلكتروني الإيجابي والسلبي على سلوك المستهلك عبر الإنترنت وولاء العميل"". semantic_scholar_foundational، 2024."
إدارة العلامة التجارية: هوية العلامة التجارية، قيمتها، وولاء العملاء,https://smarticle.tech/ar/article/brand-management-brand-identity-equity-and-consumer-loyalty-202605180520,Marketing,The Effectiveness of Personalized Marketing Strategies on Consumer Engagement and Loyalty (Evidence from KSA),https://doi.org/10.52133/ijrsp.v5.56.11,"نبيل طريف، ريم بخش. ""فعالية استراتيجيات التسويق الشخصي على تفاعل المستهلك وولائه (دليل من المملكة العربية السعودية)"". semantic_scholar_foundational، ."
التسويق الرقمي: تحسين محركات البحث، استراتيجية المحتوى، وتحليل الأداء.,https://smarticle.tech/ar/article/digital-marketing-seo-content-strategy-and-performance-analytics-202605180528,Marketing,Digital content marketing consumption motives in the age of social media: an investigation of relational and monetary outcomes,https://doi.org/10.1108/ajim-07-2022-0347,"إيزوغو، إي. ومبينجانجيرا، إم. ""دوافع استهلاك تسويق المحتوى الرقمي في عصر وسائل التواصل الاجتماعي: تحقيق للنتائج العلائقية والمالية"". *semantic_scholar_foundational*، 2023."
التسويق الرقمي: تحسين محركات البحث، استراتيجية المحتوى، وتحليل الأداء.,https://smarticle.tech/ar/article/digital-marketing-seo-content-strategy-and-performance-analytics-202605180528,Marketing,The Effect of Content Marketing in Social Media on Brand Loyalty and Purchase Intention,https://doi.org/10.29226/tr1001.2022.318,"خديجة جعفروفا، متهان تولون. ""تأثير تسويق المحتوى في وسائل التواصل الاجتماعي على ولاء العلامة التجارية ونية الشراء"". *semantic_scholar_foundational*، 2022."
التسويق الرقمي: تحسين محركات البحث، استراتيجية المحتوى، وتحليل الأداء.,https://smarticle.tech/ar/article/digital-marketing-seo-content-strategy-and-performance-analytics-202605180528,Marketing,"Exploration of the Role of Tiktok Content: Influencer Strategy, Affiliate Marketing, and Online Customer Reviews in Influencing Generation Z Purchasin",https://doi.org/10.58905/athena.v2i2.287,"فطريا، ف. وآخرون. ""استكشاف دور محتوى تيك توك: استراتيجية المؤثرين، والتسويق بالعمولة، ومراجعات العملاء عبر الإنترنت في تأثيرها على قرارات شراء جيل Z في شوبي"". *semantic_scholar_foundational*، 2024."
التسويق الرقمي: تحسين محركات البحث، استراتيجية المحتوى، وتحليل الأداء.,https://smarticle.tech/ar/article/digital-marketing-seo-content-strategy-and-performance-analytics-202605180528,Marketing,The Influence of Google Ads Campaigns and Digital Marketing Content Strategy on Sales Conversion Rates: at PT XXX,https://doi.org/10.38035/dijemss.v5i4.2542,"أردمان سيابوترا، هارياندي هاسبي. ""تأثير حملات إعلانات جوجل واستراتيجية تسويق المحتوى الرقمي على معدلات تحويل المبيعات: في شركة PT XXX"". *semantic_scholar_foundational*، 2024."
التسويق الرقمي: تحسين محركات البحث، استراتيجية المحتوى، وتحليل الأداء.,https://smarticle.tech/ar/article/digital-marketing-seo-content-strategy-and-performance-analytics-202605180528,Marketing,The Influence of Influencer Marketing Strategy on Generation Z Consumer Purchasing Behavior,https://doi.org/10.55927/ajma.v3i4.10834,"بوثو ساروين، أندينا نينديا بوثري ب.أ. ""تأثير استراتيجية تسويق المؤثرين على سلوك شراء مستهلكي جيل Z"". *semantic_scholar_foundational*، 2024."
التسويق الرقمي: تحسين محركات البحث، استراتيجية المحتوى، وتحليل الأداء.,https://smarticle.tech/ar/article/digital-marketing-seo-content-strategy-and-performance-analytics-202605180528,Marketing,THE EFFECT ON DIGITAL CONTENT MARKETİNG ON ONLINE PURCHASE INTENTION: THE MODERATOR ROLE OF AGE AND GENDER VARİABLES,https://doi.org/10.48070/erciyesakademi.1232623,"ميراي غولصوي، ليلى ليبلبيسي كوتشر. ""الأثر لتسويق المحتوى الرقمي على نية الشراء عبر الإنترنت: الدور الوسيط لعمر وجنس المتغيرات"". *semantic_scholar_foundational*، 2023."
التسويق الرقمي: تحسين محركات البحث، استراتيجية المحتوى، وتحليل الأداء.,https://smarticle.tech/ar/article/digital-marketing-seo-content-strategy-and-performance-analytics-202605180528,Marketing,Role of Content Marketing and it’s Potential on Lead Generation,https://doi.org/10.36295/asro.2020.231710,"أرييك غوبتا، نايانا نيمكار. ""دور تسويق المحتوى وإمكاناته في توليد العملاء المحتملين"". *semantic_scholar_foundational*، 2020."
التسويق الرقمي: تحسين محركات البحث، استراتيجية المحتوى، وتحليل الأداء.,https://smarticle.tech/ar/article/digital-marketing-seo-content-strategy-and-performance-analytics-202605180528,Marketing,"Social media marketing strategy: definition, conceptualization, taxonomy, validation, and future agenda",https://doi.org/10.1007/s11747-020-00733-3,"لي، فانغفانغ؛ لاريمو، ج.؛ ليونيدو، ليونيداس س. ""استراتيجية تسويق وسائل التواصل الاجتماعي: التعريف، والتأطير المفاهيمي، والتصنيف، والتحقق، والجدول الزمني المستقبلي"". *Journal of the Academy of Marketing Science*، 2020."
التسويق الرقمي: تحسين محركات البحث، استراتيجية المحتوى، وتحليل الأداء.,https://smarticle.tech/ar/article/digital-marketing-seo-content-strategy-and-performance-analytics-202605180528,Marketing,Social media marketing strategy: The impact of firm generated content on customer based brand equity in retail industry,https://doi.org/10.1080/13527266.2023.2300076,"العبد الله، غ.، ر. برزاني، أ. دانديس، وم. عيد. ""استراتيجية تسويق وسائل التواصل الاجتماعي: أثر المحتوىGenerated من قبل الشركة على رأس المال القائم على العملاء للعلامة التجارية في صناعة التجزئة"". *semantic_scholar_foundational*، 2024."
التسويق الرقمي: تحسين محركات البحث، استراتيجية المحتوى، وتحليل الأداء.,https://smarticle.tech/ar/article/digital-marketing-seo-content-strategy-and-performance-analytics-202605180528,Marketing,Marketing,https://openlibrary.org/works/OL31045479W,Marketing. بقلم Jerry Ramonyai. (2021). — Independently Published. ردمك: 9798777301260
سلوك المستهلك: عمليات اتخاذ القرار والدوافع والتجزئة,https://smarticle.tech/ar/article/consumer-behaviour-decision-making-processes-motivation-and-segmentation-202605180540,Marketing,Nudge,https://archive.org/details/nudgeim_tha_2008_00_2497,"Nudge. بقلم Richard H. Thaler، Cass R. Sunstein. (2008). — Penguin Books, Limited. ردمك: 9780525508526"
سلوك المستهلك: عمليات اتخاذ القرار والدوافع والتجزئة,https://smarticle.tech/ar/article/consumer-behaviour-decision-making-processes-motivation-and-segmentation-202605180540,Marketing,Consumer behavior,https://archive.org/details/consumerbehavior0000schi_3rdED.,Consumer behavior. بقلم Leon G. Schiffman، Leslie Lazar Kanuk. (1978). — Prentice Hall. ردمك: 013082190X
سلوك المستهلك: عمليات اتخاذ القرار والدوافع والتجزئة,https://smarticle.tech/ar/article/consumer-behaviour-decision-making-processes-motivation-and-segmentation-202605180540,Marketing,Consumer behaviour,https://archive.org/details/consumerbehaviou0000east,Consumer behaviour. بقلم Robert East، Marc Vanhuele، Malcolm Wright. (1997). — Prentice Hall. ردمك: 152973083X
سلوك المستهلك: عمليات اتخاذ القرار والدوافع والتجزئة,https://smarticle.tech/ar/article/consumer-behaviour-decision-making-processes-motivation-and-segmentation-202605180540,Marketing,The Cambridge Handbook of Psychology and Economic Behaviour,https://openlibrary.org/works/OL20591308W,The Cambridge Handbook of Psychology and Economic Behaviour. بقلم Alan Lewis. (2008). — Cambridge University Press. ردمك: 131667634X
سلوك المستهلك: عمليات اتخاذ القرار والدوافع والتجزئة,https://smarticle.tech/ar/article/consumer-behaviour-decision-making-processes-motivation-and-segmentation-202605180540,Marketing,"Restaurant patronage during the COVID-19 pandemic and the protection motivation theory: influence of consumers’ socio-demographic, situational, and ps",https://doi.org/10.1080/15378020.2021.2006036,النصوص:
سلوك المستهلك: عمليات اتخاذ القرار والدوافع والتجزئة,https://smarticle.tech/ar/article/consumer-behaviour-decision-making-processes-motivation-and-segmentation-202605180540,Marketing,"Hope, fear, and consumer behavioral change amid COVID‐19: Application of protection motivation theory",https://doi.org/10.1111/ijcs.12700,"بيرد، كاي، فان، آ، هير، إي، لييو، واي، ليتش، إس، ألمانزا، ب. ""الزيارات إلى المطاعم خلال جائحة كوفيد-19 ونظرية الدافع الوقائي: تأثير العوامل الاجتماعية والديموغرافية، الظرفية، والنفسية للمستهلكين"". *semantic_scholar_foundational*، 2021."
سلوك المستهلك: عمليات اتخاذ القرار والدوافع والتجزئة,https://smarticle.tech/ar/article/consumer-behaviour-decision-making-processes-motivation-and-segmentation-202605180540,Marketing,Consumer Motivation by Using Unified Theory of Acceptance and Use of Technology towards Electric Vehicles,https://doi.org/10.3390/su132112177,"كيم، جيونغ، وآخرون. ""الأمل، والخوف، والتغير السلوكي للمستهلكين وسط جائحة كوفيد-19: تطبيق نظرية الدافع الوقائي"". *semantic_scholar_foundational*، 2021."
سلوك المستهلك: عمليات اتخاذ القرار والدوافع والتجزئة,https://smarticle.tech/ar/article/consumer-behaviour-decision-making-processes-motivation-and-segmentation-202605180540,Marketing,Utilitarian and/or hedonic shopping - consumer motivation to purchase in smart stores,https://doi.org/10.1108/imds-04-2022-0250,"حيدر علي عباسي، إس. كاي. جوهل، ز. ح. شاري، وجيحة موغال، محمد مزهر، م. أ. مسرات، وقاص رفيق، أسعد سلام فاروقي، بوروفكوف أليكساي. ""دافع المستهلك لاستخدام نظرية القبول والاستخدام الموحدة للتكنولوجيا تجاه المركبات الكهربائية"". *semantic_scholar_foundational*، 2021."
سلوك المستهلك: عمليات اتخاذ القرار والدوافع والتجزئة,https://smarticle.tech/ar/article/consumer-behaviour-decision-making-processes-motivation-and-segmentation-202605180540,Marketing,Fashion Consumers’ Channel Switching Behavior During the COVID-19: Protection Motivation Theory in the Extended Planned Behavior Framework,https://doi.org/10.1177/0887302X20986521,"يو-وي تشانغ، ف. هسو، جياهي تشين، ون-لونغ شياو، ني شيو. ""التسوق النفعي و/أو المتعة - دافع المستهلك للشراء في المتاجر الذكية"". *semantic_scholar_foundational*، 2023."
سلوك المستهلك: عمليات اتخاذ القرار والدوافع والتجزئة,https://smarticle.tech/ar/article/consumer-behaviour-decision-making-processes-motivation-and-segmentation-202605180540,Marketing,Restaurant Diners’ Switching Behavior During the COVID-19 Pandemic: Protection Motivation Theory,https://doi.org/10.3389/fpsyg.2022.833627,"سونغ-ي يون، ج. إي. لي، جونغ إي ها-بروكشير. ""سلوك تحويل قنوات مستهلكي الأزياء خلال جائحة كوفيد-19: نظرية الدافع الوقائي في إطار نظرية السلوك المخطط الموسع"". *semantic_scholar_foundational*، 2021."
السلوك التنظيمي: الدافعية، ديناميات المجموعة، والثقافة التنظيمية.,https://smarticle.tech/ar/article/organisational-behaviour-motivation-group-dynamics-and-organisational-cultu-202605180549,Management,Organizations,https://archive.org/details/organizationsbeh00gibs_0,"Organizations. بقلم Gibson, James L.، James L. Gibson. (1976). — Irwin-Dorsey. ردمك: 9780256192681"
السلوك التنظيمي: الدافعية، ديناميات المجموعة، والثقافة التنظيمية.,https://smarticle.tech/ar/article/organisational-behaviour-motivation-group-dynamics-and-organisational-cultu-202605180549,Management,Management and organisational behaviour,https://archive.org/details/instructorsmanua0000mull,Management and organisational behaviour. بقلم Laurie J. Mullins. (1985). — Prentice Hall. ردمك: 0273635522
السلوك التنظيمي: الدافعية، ديناميات المجموعة، والثقافة التنظيمية.,https://smarticle.tech/ar/article/organisational-behaviour-motivation-group-dynamics-and-organisational-cultu-202605180549,Management,Understanding organizations,https://archive.org/details/understandingorg0000hand,Understanding organizations. بقلم Charles Brian Handy. (1976). — Facts on File. ردمك: 9780140156034
السلوك التنظيمي: الدافعية، ديناميات المجموعة، والثقافة التنظيمية.,https://smarticle.tech/ar/article/organisational-behaviour-motivation-group-dynamics-and-organisational-cultu-202605180549,Management,Organisational Behaviour,https://openlibrary.org/works/OL21131985W,Organisational Behaviour. بقلم Gert Alblas، Ella Wijsman، Marjolein van Noort. (2013). — Taylor & Francis Group. ردمك: 1032048077
السلوك التنظيمي: الدافعية، ديناميات المجموعة، والثقافة التنظيمية.,https://smarticle.tech/ar/article/organisational-behaviour-motivation-group-dynamics-and-organisational-cultu-202605180549,Management,Managing and organizations,https://archive.org/details/managingorganiza0000cleg_v8s7,"Managing and organizations. بقلم Stewart Clegg، Martin Kornberger، Tyrone Pitsis. (2004). — SAGE Publications, Limited. ردمك: 1847873723"
السلوك التنظيمي: الدافعية، ديناميات المجموعة، والثقافة التنظيمية.,https://smarticle.tech/ar/article/organisational-behaviour-motivation-group-dynamics-and-organisational-cultu-202605180549,Management,The organisation in its environment,https://archive.org/details/organisationinit0000call,The organisation in its environment. بقلم Paul Callaghan. (1981). — Business Education Publishers. ردمك: 0907679064
السلوك التنظيمي: الدافعية، ديناميات المجموعة، والثقافة التنظيمية.,https://smarticle.tech/ar/article/organisational-behaviour-motivation-group-dynamics-and-organisational-cultu-202605180549,Management,Introduction to Organisational Behaviour for Managers and Engineers,https://openlibrary.org/works/OL21295043W,Introduction to Organisational Behaviour for Managers and Engineers. بقلم Duncan Kitchin. (2010). — Routledge. ردمك: 9781138137639
السلوك التنظيمي: الدافعية، ديناميات المجموعة، والثقافة التنظيمية.,https://smarticle.tech/ar/article/organisational-behaviour-motivation-group-dynamics-and-organisational-cultu-202605180549,Management,An introduction to organisational behaviour for managers and engineers,https://openlibrary.org/works/OL19859150W,An introduction to organisational behaviour for managers and engineers. بقلم Duncan Kitchin. (2010). — Butterworth-Heinemann/Elsevier. ردمك: 0750683341
السلوك التنظيمي: الدافعية، ديناميات المجموعة، والثقافة التنظيمية.,https://smarticle.tech/ar/article/organisational-behaviour-motivation-group-dynamics-and-organisational-cultu-202605180549,Management,People in organisations,https://openlibrary.org/works/OL5269604W,People in organisations. بقلم Terence R. Mitchell. (1978). — McGraw-Hill International Book Company. ردمك: 0070664188
الإدارة الإستراتيجية: التحليل التنافسي، الاستراتيجية المؤسسية، والتنفيذ.,https://smarticle.tech/ar/article/strategic-management-competitive-analysis-corporate-strategy-and-execution-202605180558,Management,The Art of War,https://archive.org/details/artofwaroldestmi00suntuoft,The Art of War. بقلم 孙武 (Sun Tzu)، Stephen F. Kaufman، Lionel Giles. (1900). — Distributed in the United States by Random House. ردمك: 0344892581
الإدارة الإستراتيجية: التحليل التنافسي، الاستراتيجية المؤسسية، والتنفيذ.,https://smarticle.tech/ar/article/strategic-management-competitive-analysis-corporate-strategy-and-execution-202605180558,Management,The Prince,https://archive.org/details/machiavelli00machuoft,"The Prince. بقلم Niccolò Machiavelli. (1515). — Penguin Books, Limited. ردمك: 9781975853143"
الإدارة الإستراتيجية: التحليل التنافسي، الاستراتيجية المؤسسية، والتنفيذ.,https://smarticle.tech/ar/article/strategic-management-competitive-analysis-corporate-strategy-and-execution-202605180558,Management,Strategic Management,https://openlibrary.org/works/OL20761206W,Strategic Management. بقلم Jeffrey H. Dyer، Paul Godfrey، Robert Jensen. (2013). — Wiley (WileyPLUS Products). ردمك: 9781119227403
الإدارة الإستراتيجية: التحليل التنافسي، الاستراتيجية المؤسسية، والتنفيذ.,https://smarticle.tech/ar/article/strategic-management-competitive-analysis-corporate-strategy-and-execution-202605180558,Management,Corporate strategy,https://archive.org/details/corporatestrateg0000anso,Corporate strategy. بقلم H. Igor Ansoff. (1965). — Penguin. ردمك: 0140091122
الإدارة الإستراتيجية: التحليل التنافسي، الاستراتيجية المؤسسية، والتنفيذ.,https://smarticle.tech/ar/article/strategic-management-competitive-analysis-corporate-strategy-and-execution-202605180558,Management,Short Introduction To Strategic Management,https://archive.org/details/shortintroductio0000ande,Short Introduction To Strategic Management. بقلم Torben Juul Andersen. (2013). — University of Cambridge ESOL Examinations. ردمك: 9781107348240
الإدارة الإستراتيجية: التحليل التنافسي، الاستراتيجية المؤسسية، والتنفيذ.,https://smarticle.tech/ar/article/strategic-management-competitive-analysis-corporate-strategy-and-execution-202605180558,Management,NASA/DoD aerospace knowledge diffusion research project,https://openlibrary.org/works/OL8894965W,NASA/DoD aerospace knowledge diffusion research project. بقلم Thomas E. Pinelli. (1990). — NASA
الإدارة الإستراتيجية: التحليل التنافسي، الاستراتيجية المؤسسية، والتنفيذ.,https://smarticle.tech/ar/article/strategic-management-competitive-analysis-corporate-strategy-and-execution-202605180558,Management,"Corporate Strategy, Corporate Culture and Conversion; Adjustment in the Defence Industry",https://doi.org/10.1111/j.1467-8616.1992.tb00028.x,"رون سميث، دان سميث. ""الاستراتيجية المؤسسية، الثقافة المؤسسية والتحويل؛ التكيف في صناعة الدفاع"". كروسريف، 1992."
الإدارة الإستراتيجية: التحليل التنافسي، الاستراتيجية المؤسسية، والتنفيذ.,https://smarticle.tech/ar/article/strategic-management-competitive-analysis-corporate-strategy-and-execution-202605180558,Management,The Foundations of Strategy,https://doi.org/10.1093/oso/9780199231744.003.0004,"مايسون، ستيفن. ""أسس الاستراتيجية"". *كروسريف*، 2007."
الإدارة الإستراتيجية: التحليل التنافسي، الاستراتيجية المؤسسية، والتنفيذ.,https://smarticle.tech/ar/article/strategic-management-competitive-analysis-corporate-strategy-and-execution-202605180558,Management,Cognitive Foundations of Competitive Advantage Through Pricing,https://doi.org/10.1108/978-1-64113-437-820251004,"بوراك جيم كوندوك. ""الأسس المعرفية للميزة التنافسية من خلال التسعير"". كروسريف، 2018."
الإدارة الإستراتيجية: التحليل التنافسي، الاستراتيجية المؤسسية، والتنفيذ.,https://smarticle.tech/ar/article/strategic-management-competitive-analysis-corporate-strategy-and-execution-202605180558,Management,The Mutual Benchmarking Method for Smes’ Competitive Strategy Development,https://doi.org/10.2478/fman-2014-0015,"روستيك، ك. ""طريقة المقارنة المتبادلة لتطوير الاستراتيجية التنافسية للمنشآت الصغيرة والمتوسطة"". كروسريف، 2013."
إدارة الموارد البشرية: اكتساب المواهب، التطوير، والاحتفاظ.,https://smarticle.tech/ar/article/human-resource-management-talent-acquisition-development-and-retention-202605180614,Management,Bible,https://archive.org/details/holybiblesoarran01unse,Bible. بقلم Bible. (1200). — E.F. Backus. ردمك: 0564069019
إدارة الموارد البشرية: اكتساب المواهب، التطوير، والاحتفاظ.,https://smarticle.tech/ar/article/human-resource-management-talent-acquisition-development-and-retention-202605180614,Management,Macbeth,https://archive.org/details/macbethfacsimile0000will,Macbeth. بقلم William Shakespeare. (1508). — Nelson Thornes Ltd. ردمك: 9781536969078
إدارة الموارد البشرية: اكتساب المواهب، التطوير، والاحتفاظ.,https://smarticle.tech/ar/article/human-resource-management-talent-acquisition-development-and-retention-202605180614,Management,Richard III,https://archive.org/details/bib_fict_10084886,Richard III. بقلم William Shakespeare. (1597). — Gloucester. ردمك: 9781434609878
إدارة الموارد البشرية: اكتساب المواهب، التطوير، والاحتفاظ.,https://smarticle.tech/ar/article/human-resource-management-talent-acquisition-development-and-retention-202605180614,Management,Nomination,https://archive.org/details/nominationhearin011293unit,"Nomination. بقلم United States. Congress. Senate. Committee on Labor and Human Resources.. (1979). — For sale by the Supt. of Docs., Congressional Sales Office, U.S. G.P.O.. ردمك: 016045865X"
إدارة الموارد البشرية: اكتساب المواهب، التطوير، والاحتفاظ.,https://smarticle.tech/ar/article/human-resource-management-talent-acquisition-development-and-retention-202605180614,Management,Careers in Focus,https://openlibrary.org/works/OL31756013W,"Careers in Focus. بقلم Ferguson Publishing Company. (2006). — Infobase Holdings, Inc.. ردمك: 1438153716"
إدارة الموارد البشرية: اكتساب المواهب، التطوير، والاحتفاظ.,https://smarticle.tech/ar/article/human-resource-management-talent-acquisition-development-and-retention-202605180614,Management,Fundamentals Of Electricity And Magnetism,https://archive.org/details/glencoescienceea0000mcgr,Fundamentals Of Electricity And Magnetism. بقلم McGraw-Hill. (2001). — Schools. ردمك: 9780078288388
إدارة الموارد البشرية: اكتساب المواهب، التطوير، والاحتفاظ.,https://smarticle.tech/ar/article/human-resource-management-talent-acquisition-development-and-retention-202605180614,Management,Financial audit,https://openlibrary.org/works/OL565229W,Financial audit. بقلم United States. General Accounting Office. (1943). — [U.S. General Accountin Office
إدارة الموارد البشرية: اكتساب المواهب، التطوير، والاحتفاظ.,https://smarticle.tech/ar/article/human-resource-management-talent-acquisition-development-and-retention-202605180614,Management,NASA/DoD aerospace knowledge diffusion research project,https://openlibrary.org/works/OL8894965W,"NASA/DoD aerospace knowledge diffusion research project. بقلم Thomas E. Pinelli. (1990). — National Technical Information Service, distributor"
إدارة الموارد البشرية: اكتساب المواهب، التطوير، والاحتفاظ.,https://smarticle.tech/ar/article/human-resource-management-talent-acquisition-development-and-retention-202605180614,Management,Introduction to Human Resource Management,https://archive.org/details/introductiontohu0000wilt,"Introduction to Human Resource Management. بقلم Nick Wilton. (2011). — SAGE Publications, Incorporated. ردمك: 1526487918"
إدارة الموارد البشرية: اكتساب المواهب، التطوير، والاحتفاظ.,https://smarticle.tech/ar/article/human-resource-management-talent-acquisition-development-and-retention-202605180614,Management,21st Century FEMA Study Course,https://openlibrary.org/works/OL39687592W,21st Century FEMA Study Course. بقلم Progressive Management. (2011). — Smashwords. ردمك: 145810494X
نظرية المحفظة: التنويع، موازنة المخاطر والعائد، والنظرية الحديثة للمحفظة.,https://smarticle.tech/ar/article/portfolio-theory-diversification-risk-return-trade-off-and-modern-portfolio-202605180621,Investment,Modern portfolio theory and investment analysis,https://archive.org/details/modernportfoliot0000elto_n2x0,Modern portfolio theory and investment analysis. بقلم Edwin J. Elton، Martin Gruber. (1981). — Wiley. ردمك: 1118506863
نظرية المحفظة: التنويع، موازنة المخاطر والعائد، والنظرية الحديثة للمحفظة.,https://smarticle.tech/ar/article/portfolio-theory-diversification-risk-return-trade-off-and-modern-portfolio-202605180621,Investment,The theory and practice of investment management,https://openlibrary.org/works/OL16494257W,"The theory and practice of investment management. بقلم Frank J. Fabozzi، Harry Max Markowitz. (2002). — Wiley & Sons, Limited, John. ردمك: 9780470929902"
نظرية المحفظة: التنويع، موازنة المخاطر والعائد، والنظرية الحديثة للمحفظة.,https://smarticle.tech/ar/article/portfolio-theory-diversification-risk-return-trade-off-and-modern-portfolio-202605180621,Investment,Modern investment theory,https://archive.org/details/moderninvestment00haug_0,Modern investment theory. بقلم Robert A. Haugen. (1986). — Prentice-Hall. ردمك: 9780135950265
نظرية المحفظة: التنويع، موازنة المخاطر والعائد، والنظرية الحديثة للمحفظة.,https://smarticle.tech/ar/article/portfolio-theory-diversification-risk-return-trade-off-and-modern-portfolio-202605180621,Investment,Tools for computational finance,https://archive.org/details/toolsforcomputat0000seyd,Tools for computational finance. بقلم Rüdiger Seydel. (2002). — Springer-Verlag Berlin Heidelberg. ردمك: 9781447129936
نظرية المحفظة: التنويع، موازنة المخاطر والعائد، والنظرية الحديثة للمحفظة.,https://smarticle.tech/ar/article/portfolio-theory-diversification-risk-return-trade-off-and-modern-portfolio-202605180621,Investment,A Random Walk Down Wall Street,https://archive.org/details/randomwalkdownwa0000malk_y6n1,"A Random Walk Down Wall Street. بقلم Burton Gordon Malkiel. (1973). — Recorded Books, Inc.. ردمك: 9780393330335"
نظرية المحفظة: التنويع، موازنة المخاطر والعائد، والنظرية الحديثة للمحفظة.,https://smarticle.tech/ar/article/portfolio-theory-diversification-risk-return-trade-off-and-modern-portfolio-202605180621,Investment,Moving Beyond Modern Portfolio Theory,https://openlibrary.org/works/OL25769064W,Moving Beyond Modern Portfolio Theory. بقلم Jon Lukomnik. (2021). — Taylor & Francis Group. ردمك: 0367369958
نظرية المحفظة: التنويع، موازنة المخاطر والعائد، والنظرية الحديثة للمحفظة.,https://smarticle.tech/ar/article/portfolio-theory-diversification-risk-return-trade-off-and-modern-portfolio-202605180621,Investment,Modern Portfolio Management,https://openlibrary.org/works/OL25288133W,"Modern Portfolio Management. بقلم Todd E. Petzel. (2021). — Wiley & Sons, Limited, John. ردمك: 9781119818502"
نظرية المحفظة: التنويع، موازنة المخاطر والعائد، والنظرية الحديثة للمحفظة.,https://smarticle.tech/ar/article/portfolio-theory-diversification-risk-return-trade-off-and-modern-portfolio-202605180621,Investment,Asset Rotation,https://openlibrary.org/works/OL21514838W,"Asset Rotation. بقلم Matthew P. Erickson. (2014). — Wiley & Sons, Limited, John. ردمك: 9781118779217"
نظرية المحفظة: التنويع، موازنة المخاطر والعائد، والنظرية الحديثة للمحفظة.,https://smarticle.tech/ar/article/portfolio-theory-diversification-risk-return-trade-off-and-modern-portfolio-202605180621,Investment,"Risk, Return, and Modern Portfolio Theory",https://doi.org/10.2139/ssrn.3942607,"Evans, Richard B. ""Risk, Return, and Modern Portfolio Theory"". crossref, 2021."
نظرية المحفظة: التنويع، موازنة المخاطر والعائد، والنظرية الحديثة للمحفظة.,https://smarticle.tech/ar/article/portfolio-theory-diversification-risk-return-trade-off-and-modern-portfolio-202605180621,Investment,"Brief Review on Asset Selection and Portfolio Construction: Diversification, Risk and Return",https://doi.org/10.2139/ssrn.4545184,"Jean Cedric Napon. ""Brief Review on Asset Selection and Portfolio Construction: Diversification, Risk and Return"". crossref, 2023."
تقييم المخاطر والمشتقات: الخيارات والعقود المستقبلية واستراتيجيات التحوط.,https://smarticle.tech/ar/article/risk-assessment-and-derivatives-options-futures-and-hedging-strategies-202605180631,Investment,United States,https://openlibrary.org/works/OL26583958W,United States. بقلم International Monetary Fund. Monetary and Capital Markets Department. (2020). — International Monetary Fund. ردمك: 1513553321
تقييم المخاطر والمشتقات: الخيارات والعقود المستقبلية واستراتيجيات التحوط.,https://smarticle.tech/ar/article/risk-assessment-and-derivatives-options-futures-and-hedging-strategies-202605180631,Investment,Understanding Investments,https://openlibrary.org/works/OL20753302W,Understanding Investments. بقلم NIkiforos T. Laopodis. (2012). — Taylor & Francis Group. ردمك: 1003027474
تقييم المخاطر والمشتقات: الخيارات والعقود المستقبلية واستراتيجيات التحوط.,https://smarticle.tech/ar/article/risk-assessment-and-derivatives-options-futures-and-hedging-strategies-202605180631,Investment,XVA Challenge,https://openlibrary.org/works/OL21105136W,XVA Challenge. بقلم Jon Gregory. (2015). — Wiley. ردمك: 1119509009
تقييم المخاطر والمشتقات: الخيارات والعقود المستقبلية واستراتيجيات التحوط.,https://smarticle.tech/ar/article/risk-assessment-and-derivatives-options-futures-and-hedging-strategies-202605180631,Investment,Managing credit risk,https://openlibrary.org/works/OL18727700W,Managing credit risk. بقلم John B. Caouette، Edward I. Altman، Paul Narayanan. (2007). — Wiley. ردمك: 1118266234
تقييم المخاطر والمشتقات: الخيارات والعقود المستقبلية واستراتيجيات التحوط.,https://smarticle.tech/ar/article/risk-assessment-and-derivatives-options-futures-and-hedging-strategies-202605180631,Investment,Risk Management,https://openlibrary.org/works/OL8326749W,Risk Management. بقلم M. A. H. Dempster. (2001). — Cambridge University Press. ردمك: 9781139146500
تقييم المخاطر والمشتقات: الخيارات والعقود المستقبلية واستراتيجيات التحوط.,https://smarticle.tech/ar/article/risk-assessment-and-derivatives-options-futures-and-hedging-strategies-202605180631,Investment,A Review on Derivative Hedging Using Reinforcement Learning,https://doi.org/10.2139/ssrn.4217989,"ليو، بينغ. ""مراجعة حول التحوط المشتقات باستخدام التعلم المعزز"". *semantic_scholar_foundational*، 2023."
تقييم المخاطر والمشتقات: الخيارات والعقود المستقبلية واستراتيجيات التحوط.,https://smarticle.tech/ar/article/risk-assessment-and-derivatives-options-futures-and-hedging-strategies-202605180631,Investment,Next Level in Risk Management? Hedging and Trading Strategies of Volatility Derivatives Using VIX Futures,https://doi.org/10.4236/JFRM.2018.74024,"إرنست ج. فاهلين وآخرون. ""المستوى التالي في إدارة المخاطر؟ استراتيجيات التحوط والمضاربة للمشتقات التقلبية باستخدام عقود VIX الآجلة"". *مجلة إدارة المخاطر المالية*، 2018."
تقييم المخاطر والمشتقات: الخيارات والعقود المستقبلية واستراتيجيات التحوط.,https://smarticle.tech/ar/article/risk-assessment-and-derivatives-options-futures-and-hedging-strategies-202605180631,Investment,Managing Agricultural Price Risk in Developing Countries,https://doi.org/10.1002/9781118467381.CH13,"ج. دانا، سي. جيلبرت. ""إدارة مخاطر الأسعار الزراعية في الدول النامية"". *semantic_scholar_foundational*، 2013."
تقييم المخاطر والمشتقات: الخيارات والعقود المستقبلية واستراتيجيات التحوط.,https://smarticle.tech/ar/article/risk-assessment-and-derivatives-options-futures-and-hedging-strategies-202605180631,Investment,A survey of electricity spot and futures price models for risk management applications,https://arxiv.org/abs/2103.16918,"ديشاتري، توماس؛ فيرون، أوليفييه؛ غرو، ب. ""مسح لنماذج أسعار السوق الفورية والآجلة للكهرباء لتطبيقات إدارة المخاطر"". *semantic_scholar_foundational*، 2021."
تقييم المخاطر والمشتقات: الخيارات والعقود المستقبلية واستراتيجيات التحوط.,https://smarticle.tech/ar/article/risk-assessment-and-derivatives-options-futures-and-hedging-strategies-202605180631,Investment,APPROACHES TO PRICE FORMATION IN FINANCIALIZED COMMODITY MARKETS,https://doi.org/10.1111/joes.12342,"فان هويلي، صوفي. ""مناهج تشكيل السعر في أسواق السلع المالية"". *semantic_scholar_foundational*، 2019."
الاستثمارات البديلة: الأسهم الخاصة، صناديق التحوط، والأصول الحقيقية.,https://smarticle.tech/ar/article/alternative-investments-private-equity-hedge-funds-and-real-assets-202605180641,Investment,Alternative Investments,https://openlibrary.org/works/OL20709823W,"Alternative Investments. بقلم Donald R. Chambers، Mark J. P. Anson، Keith H. Black. (2015). — Wiley & Sons, Incorporated, John. ردمك: 1119016363"
الاستثمارات البديلة: الأسهم الخاصة، صناديق التحوط، والأصول الحقيقية.,https://smarticle.tech/ar/article/alternative-investments-private-equity-hedge-funds-and-real-assets-202605180641,Investment,CAIA Level I,https://openlibrary.org/works/OL21444360W,CAIA Level I. بقلم CAIA Association، Mark J. P. Anson. (2009). — Wiley. ردمك: 9780470557235
الاستثمارات البديلة: الأسهم الخاصة، صناديق التحوط، والأصول الحقيقية.,https://smarticle.tech/ar/article/alternative-investments-private-equity-hedge-funds-and-real-assets-202605180641,Investment,"Fee Levels, Performance and Alignment of Interests in Private Equity",https://doi.org/10.1057/9781137400390.0009,"فيليبس، إس. ""مستويات الرسوم، والأداء، ومحاذاة المصالح في الاستثمار الخاص"". *كروسرف*، 2015."
الاستثمارات البديلة: الأسهم الخاصة، صناديق التحوط، والأصول الحقيقية.,https://smarticle.tech/ar/article/alternative-investments-private-equity-hedge-funds-and-real-assets-202605180641,Investment,Measuring Private Equity Performance,https://doi.org/10.1093/oso/9780198866961.003.0003,"غيليغان، جون، ووايت، مايك. ""قياس أداء الاستثمار الخاص"". كروسرف، 2020."
الاستثمارات البديلة: الأسهم الخاصة، صناديق التحوط، والأصول الحقيقية.,https://smarticle.tech/ar/article/alternative-investments-private-equity-hedge-funds-and-real-assets-202605180641,Investment,Private Equity Performance before the Global Financial Crisis,https://doi.org/10.1057/9781137435354.0009,"هاريس، ر.، جنكينسون، ت.، وكابلان، س. ""أداء الاستثمار الخاص قبل الأزمة المالية العالمية"". *كروسرف*، 2015."
الاستثمارات البديلة: الأسهم الخاصة، صناديق التحوط، والأصول الحقيقية.,https://smarticle.tech/ar/article/alternative-investments-private-equity-hedge-funds-and-real-assets-202605180641,Investment,Benchmark Biases in Private Equity Performance,https://doi.org/10.1093/acprof:oso/9780199375875.003.0015,"سبلِد، روبرت. ""التحيزات المرجعية في أداء الاستثمار الخاص"". كروسرف، 2015."
الاستثمارات البديلة: الأسهم الخاصة، صناديق التحوط، والأصول الحقيقية.,https://smarticle.tech/ar/article/alternative-investments-private-equity-hedge-funds-and-real-assets-202605180641,Investment,Private Equity Performance,https://doi.org/10.1002/9781118939826.ch4,"هاريس، ر. إس.، جنكينسون، ت.، وكابلان، س. إن. ""أداء الاستثمار الخاص"". *كروسرف*، 2015."
الاستثمارات البديلة: الأسهم الخاصة، صناديق التحوط، والأصول الحقيقية.,https://smarticle.tech/ar/article/alternative-investments-private-equity-hedge-funds-and-real-assets-202605180641,Investment,Performance of private equity funds: does diversification matter?,https://doi.org/10.1007/978-3-8350-9428-4_6,"غومبرز، ب.، ليرنر، ج.، وسشارفستاين، د. ""أداء صناديق الاستثمار الخاص: هل تهم التنويع؟"". كروسرف، 2005."
الاستثمارات البديلة: الأسهم الخاصة، صناديق التحوط، والأصول الحقيقية.,https://smarticle.tech/ar/article/alternative-investments-private-equity-hedge-funds-and-real-assets-202605180641,Investment,Private Equity Performance: <i>A Literature Review</i>,https://doi.org/10.3905/jpe.2016.19.3.076,"غوهيل، رافيراج كارمفير؛ فياس، فيجاي. ""أداء الاستثمار الخاص: مراجعة أدبية"". *مجلة الاستثمار الخاص*، 2016."
كشف خريطة الببليومتري للتمويل الأخضر عن طفرة السندات عام 2015.,https://smarticle.tech/ar/article/green-finance-bibliometric-mapping-reveals-2015-bond-boom-202605281838,Finance,GREEN FINANCE IN THE CONTEXT OF CLIMATE CHANGE:   A BIBLIOMETRIC ANALYSIS OF THE ACADEMIC LITERATURE (2001–2025),https://www.utgjiu.ro/revista/ec/pdf/2026-01/03_SpulbarC.pdf,"Spulbar, C. ""Green Finance in the Context of Climate Change: A Bibliometric Analysis of the Academic Literature (2001–2025)"". doaj, 2026."
كشف خريطة الببليومتري للتمويل الأخضر عن طفرة السندات عام 2015.,https://smarticle.tech/ar/article/green-finance-bibliometric-mapping-reveals-2015-bond-boom-202605281838,Finance,MAPPING THE LITERATURE ON GREEN FINANCE AND  CLIMATE CHANGE: A BIBLIOMETRIC ANALYSIS,https://doi.org/10.61150/dasc.2026010102,"MAPPING THE LITERATURE ON GREEN FINANCE AND CLIMATE CHANGE: A BIBLIOMETRIC ANALYSIS""."
كشف خريطة الببليومتري للتمويل الأخضر عن طفرة السندات عام 2015.,https://smarticle.tech/ar/article/green-finance-bibliometric-mapping-reveals-2015-bond-boom-202605281838,Finance,"From chains to change: a bibliometric analysis of blockchain and distributed ledger technologies in green finance, global sustainability, climate chan",https://doi.org/10.1108/jstpm-02-2024-0065,"""From chains to change: a bibliometric analysis of blockchain and distributed ledger technologies in green finance, global sustainability, climate change"". , ."
كشف خريطة الببليومتري للتمويل الأخضر عن طفرة السندات عام 2015.,https://smarticle.tech/ar/article/green-finance-bibliometric-mapping-reveals-2015-bond-boom-202605281838,Finance,Bibliometric Analysis on Sustainable Finance and Technological Innovation for Climate Change Mitigation,https://doi.org/10.58812/wsnt.v3i04.2555,Bibliometric Analysis on Sustainable Finance and Technological Innovation for Climate Change Mitigation.
كشف خريطة الببليومتري للتمويل الأخضر عن طفرة السندات عام 2015.,https://smarticle.tech/ar/article/green-finance-bibliometric-mapping-reveals-2015-bond-boom-202605281838,Finance,Green finance in Morocco: Challenges and future outlook in the context of climate change,https://doi.org/10.51594/farj.v7i9.2053,"Green finance in Morocco: Challenges and future outlook in the context of climate change""."
