Academic Concept,Concept URL,Subcategory,Reference Title,Reference URL,Citation
"The Roman Empire: Rise, Governance, and Fall",https://smarticle.tech/en/article/the-roman-empire-rise-governance-and-fall-202605120538,Ancient Civilizations,Roman Stoicism: being lectures on the history of the Stoic philosophy with special reference to its development within the Roman Empire,https://www.gutenberg.org/ebooks/64488,"Roman Stoicism: being lectures on the history of the Stoic philosophy with special reference to its development within the Roman Empire. by Arnold, Edward Vernon. — Project Gutenberg"
"The Roman Empire: Rise, Governance, and Fall",https://smarticle.tech/en/article/the-roman-empire-rise-governance-and-fall-202605120538,Ancient Civilizations,History of the Decline and Fall of the Roman Empire — Volume 2,https://www.gutenberg.org/ebooks/732,"History of the Decline and Fall of the Roman Empire — Volume 2. by Gibbon, Edward. — Project Gutenberg"
"The Roman Empire: Rise, Governance, and Fall",https://smarticle.tech/en/article/the-roman-empire-rise-governance-and-fall-202605120538,Ancient Civilizations,History of the Decline and Fall of the Roman Empire — Volume 3,https://www.gutenberg.org/ebooks/733,"History of the Decline and Fall of the Roman Empire — Volume 3. by Gibbon, Edward. — Project Gutenberg"
"The Roman Empire: Rise, Governance, and Fall",https://smarticle.tech/en/article/the-roman-empire-rise-governance-and-fall-202605120538,Ancient Civilizations,History of the Decline and Fall of the Roman Empire — Volume 1,https://www.gutenberg.org/ebooks/731,"History of the Decline and Fall of the Roman Empire — Volume 1. by Gibbon, Edward. — Project Gutenberg"
"The Roman Empire: Rise, Governance, and Fall",https://smarticle.tech/en/article/the-roman-empire-rise-governance-and-fall-202605120538,Ancient Civilizations,History of the Decline and Fall of the Roman Empire — Volume 6,https://www.gutenberg.org/ebooks/736,"History of the Decline and Fall of the Roman Empire — Volume 6. by Gibbon, Edward. — Project Gutenberg"
"Ancient Egyptian Civilization: Society, Religion, and Legacy",https://smarticle.tech/en/article/ancient-egyptian-civilization-society-religion-and-legacy-202605120549,Ancient Civilizations,Bible,https://archive.org/details/holybiblesoarran01unse,Bible. by Bible. (1200). — E.F. Backus. ISBN: 0564069019
"Ancient Egyptian Civilization: Society, Religion, and Legacy",https://smarticle.tech/en/article/ancient-egyptian-civilization-society-religion-and-legacy-202605120549,Ancient Civilizations,The ancient Egyptians,https://archive.org/details/ancientegyptians0000kami_s9w6,The ancient Egyptians. by Jill Kamil. (1976). — Amer Univ in Cairo Pr. ISBN: 9774240510
"Ancient Egyptian Civilization: Society, Religion, and Legacy",https://smarticle.tech/en/article/ancient-egyptian-civilization-society-religion-and-legacy-202605120549,Ancient Civilizations,An Introduction to Ancient Egypt,https://archive.org/details/introductiontoan0000jame_u6r2,An Introduction to Ancient Egypt. by T. G. H. James. (1979). — Farrar Straus Giroux. ISBN: 0809590840
"Ancient Egyptian Civilization: Society, Religion, and Legacy",https://smarticle.tech/en/article/ancient-egyptian-civilization-society-religion-and-legacy-202605120549,Ancient Civilizations,The Egyptians,https://openlibrary.org/works/OL5713802W,The Egyptians. by Robert Morkot. (2004). — Taylor & Francis Group. ISBN: 0203486536
"Ancient Egyptian Civilization: Society, Religion, and Legacy",https://smarticle.tech/en/article/ancient-egyptian-civilization-society-religion-and-legacy-202605120549,Ancient Civilizations,The Egyptian Book of the dead,https://archive.org/details/egyptianbookofde0000unse,"The Egyptian Book of the dead. by Raymond Oliver Faulkner, Goelet, Ogden Jr, Eva Von Dassow. (1994). — Chronicle Books. ISBN: 0811807924"
"Ancient Egyptian Civilization: Society, Religion, and Legacy",https://smarticle.tech/en/article/ancient-egyptian-civilization-society-religion-and-legacy-202605120549,Ancient Civilizations,Life in Ancient Egypt,https://openlibrary.org/works/OL9676723W,Life in Ancient Egypt. by Katriana Hazell. (1989). — National Museums of Scotland. ISBN: 0948636173
"Ancient Egyptian Civilization: Society, Religion, and Legacy",https://smarticle.tech/en/article/ancient-egyptian-civilization-society-religion-and-legacy-202605120549,Ancient Civilizations,Avaris: The Capital of the Hyksos,https://openlibrary.org/works/OL2233508W,Avaris: The Capital of the Hyksos. by Manfred Bietak. (1995). — Published by British Museum Press. ISBN: 9780714109688
"Ancient Egyptian Civilization: Society, Religion, and Legacy",https://smarticle.tech/en/article/ancient-egyptian-civilization-society-religion-and-legacy-202605120549,Ancient Civilizations,"Egyptian Grammar, or General Principles of Egyptian Sacred Writing",https://openlibrary.org/works/OL39713274W,"Egyptian Grammar, or General Principles of Egyptian Sacred Writing. by Jean Champollion, Jr., David, G. Stewart. (2013). — CreateSpace Independent Publishing Platform. ISBN: 1484914252"
"Ancient Egyptian Civilization: Society, Religion, and Legacy",https://smarticle.tech/en/article/ancient-egyptian-civilization-society-religion-and-legacy-202605120549,Ancient Civilizations,"THE NILE AND EGYPTIAN CIVILIZATION. By Alexander Moret. Kegan Paul. 1927. pp. 478, and 24 plates. 25s.",https://doi.org/10.1017/s0003598x00001794,"Flinders Petrie. ""THE NILE AND EGYPTIAN CIVILIZATION"". Kegan Paul, 1927."
"Ancient Egyptian Civilization: Society, Religion, and Legacy",https://smarticle.tech/en/article/ancient-egyptian-civilization-society-religion-and-legacy-202605120549,Ancient Civilizations,"Religion, Pharaonic Egypt",https://doi.org/10.1002/9781444338386.wbeah15344,"Warburton, David A. and Salima Ikram. ""Religion, Pharaonic Egypt"". *crossref*, 2012."
"Mesopotamian Societies: Sumer, Akkad, and Babylon",https://smarticle.tech/en/article/mesopotamian-societies-sumer-akkad-and-babylon-202605120601,Ancient Civilizations,The face of the ancient Orient,https://archive.org/details/faceofancientori0000mosc_y8y6,The face of the ancient Orient. by Sabatino Moscati. (1960). — Routledge & K. Paul. ISBN: 9780486419527
"Mesopotamian Societies: Sumer, Akkad, and Babylon",https://smarticle.tech/en/article/mesopotamian-societies-sumer-akkad-and-babylon-202605120601,Ancient Civilizations,Origins,https://openlibrary.org/works/OL2767981W,Origins. by William W. Hallo. (1996). — E.J. Brill. ISBN: 9780391041509
"Mesopotamian Societies: Sumer, Akkad, and Babylon",https://smarticle.tech/en/article/mesopotamian-societies-sumer-akkad-and-babylon-202605120601,Ancient Civilizations,Riches Hidden in Secret Places,https://openlibrary.org/works/OL4979712W,"Riches Hidden in Secret Places. by I. Tzvi Abusch. (2002). — Eisenbrauns, Incorporated. ISBN: 1575065339"
"Mesopotamian Societies: Sumer, Akkad, and Babylon",https://smarticle.tech/en/article/mesopotamian-societies-sumer-akkad-and-babylon-202605120601,Ancient Civilizations,Writing and ancient Near Eastern society,https://openlibrary.org/works/OL16955311W,"Writing and ancient Near Eastern society. by A. R. Millard, Piotr Bienkowski, C. Mee. (2005). — T&T Clark. ISBN: 9780567026910"
"Mesopotamian Societies: Sumer, Akkad, and Babylon",https://smarticle.tech/en/article/mesopotamian-societies-sumer-akkad-and-babylon-202605120601,Ancient Civilizations,Letters to the King of Mari,https://openlibrary.org/works/OL6738560W,"Letters to the King of Mari. by Wolfgang Heimpel. (2003). — Eisenbrauns, Incorporated. ISBN: 9781575065441"
"Mesopotamian Societies: Sumer, Akkad, and Babylon",https://smarticle.tech/en/article/mesopotamian-societies-sumer-akkad-and-babylon-202605120601,Ancient Civilizations,Bible,https://archive.org/details/holybiblesoarran01unse,Bible. by Bible. (1200). — E.F. Backus. ISBN: 0564069019
"Mesopotamian Societies: Sumer, Akkad, and Babylon",https://smarticle.tech/en/article/mesopotamian-societies-sumer-akkad-and-babylon-202605120601,Ancient Civilizations,Ancient art in miniature,https://openlibrary.org/works/OL3092162W,Ancient art in miniature. by Holly Pittman. (1987). — Yale University Press. ISBN: 0810964406
"Mesopotamian Societies: Sumer, Akkad, and Babylon",https://smarticle.tech/en/article/mesopotamian-societies-sumer-akkad-and-babylon-202605120601,Ancient Civilizations,Mesopotamian Astrology,https://openlibrary.org/works/OL2578980W,Mesopotamian Astrology. by Ulla Susanne Koch. (1995). — Museum Tusculanum Press. ISBN: 8772892870
"Mesopotamian Societies: Sumer, Akkad, and Babylon",https://smarticle.tech/en/article/mesopotamian-societies-sumer-akkad-and-babylon-202605120601,Ancient Civilizations,Selected papers in Greek and Near Eastern History,https://archive.org/details/selectedpapersin0000lewi,Selected papers in Greek and Near Eastern History. by David M. Lewis. (1997). — Cambridge University Press. ISBN: 9780521465649
"Mesopotamian Societies: Sumer, Akkad, and Babylon",https://smarticle.tech/en/article/mesopotamian-societies-sumer-akkad-and-babylon-202605120601,Ancient Civilizations,The world of Achaemenid Persia,https://openlibrary.org/works/OL16983673W,"The world of Achaemenid Persia. by John Curtis, St. John Simpson. (2010). — I.B. Tauris. ISBN: 1350197742"
The Abbasid Caliphate: Golden Age of Islamic Civilization,https://smarticle.tech/en/article/the-abbasid-caliphate-golden-age-of-islamic-civilization-202605150549,Islamic History,The great caliphs,https://archive.org/details/bwb_P9-ECA-993,The great caliphs. by Amira K. Bennison. (2009). — Yale University Press. ISBN: 9780755696918
The Abbasid Caliphate: Golden Age of Islamic Civilization,https://smarticle.tech/en/article/the-abbasid-caliphate-golden-age-of-islamic-civilization-202605150549,Islamic History,Arabic thought and the Western world in the golden age of Islam,https://archive.org/details/arabicthoughtwes0000myer,Arabic thought and the Western world in the golden age of Islam. by Eugene A. Myers. (1964). — Bloomsbury Publishing Plc. ISBN: 9780804465625
The Abbasid Caliphate: Golden Age of Islamic Civilization,https://smarticle.tech/en/article/the-abbasid-caliphate-golden-age-of-islamic-civilization-202605150549,Islamic History,Daily Life in the Islamic Golden Age,https://openlibrary.org/works/OL25691639W,Daily Life in the Islamic Golden Age. by Don Nardo. (2015). — Capstone. ISBN: 9781484666067
The Abbasid Caliphate: Golden Age of Islamic Civilization,https://smarticle.tech/en/article/the-abbasid-caliphate-golden-age-of-islamic-civilization-202605150549,Islamic History,A history of Arabic astronomy,https://openlibrary.org/works/OL3941554W,A history of Arabic astronomy. by George Saliba. (1994). — New York University Press. ISBN: 9780814779620
The Abbasid Caliphate: Golden Age of Islamic Civilization,https://smarticle.tech/en/article/the-abbasid-caliphate-golden-age-of-islamic-civilization-202605150549,Islamic History,The Islamic Golden Age and the Caliphates,https://openlibrary.org/works/OL20249281W,The Islamic Golden Age and the Caliphates. by Jason Porterfield. (2016). — Rosen Young Adult. ISBN: 1499463383
The Abbasid Caliphate: Golden Age of Islamic Civilization,https://smarticle.tech/en/article/the-abbasid-caliphate-golden-age-of-islamic-civilization-202605150549,Islamic History,Merchants and Faith,https://archive.org/details/merchantsfaithmu0000riss,Merchants and Faith. by Patricia Risso. (1995). — Westview Press. ISBN: 0813389119
The Abbasid Caliphate: Golden Age of Islamic Civilization,https://smarticle.tech/en/article/the-abbasid-caliphate-golden-age-of-islamic-civilization-202605150549,Islamic History,Turāth al-ʻArab al-maʻrifī ḥattá nihāyat al-khilāfah al-ʻAbbāsīyah,https://openlibrary.org/works/OL22409777W,"Turāth al-ʻArab al-maʻrifī ḥattá nihāyat al-khilāfah al-ʻAbbāsīyah. by Muḥsin Jāsim Mūsawī, Buthaynah Khālidī, Māhir Mahdī Hilāl. (2010). — al-Markaz al-Thaqāfī al-ʻArabī. ISBN: 9953684529"
The Abbasid Caliphate: Golden Age of Islamic Civilization,https://smarticle.tech/en/article/the-abbasid-caliphate-golden-age-of-islamic-civilization-202605150549,Islamic History,ISLAMIC EDUCATION INTITUTIONS IN THE CLASSICAL PERIOD (UMAYYAD AND ABBASID PERIODS),https://doi.org/10.19109/pairf.v6i1.19843,"Nurul Hidayah, Faridi Faridi, Ishomuddin Ishomuddin. ""ISLAMIC EDUCATION INTITUTIONS IN THE CLASSICAL PERIOD (UMAYYAD AND ABBASID PERIODS)"". semantic_scholar_foundational, 2024."
The Abbasid Caliphate: Golden Age of Islamic Civilization,https://smarticle.tech/en/article/the-abbasid-caliphate-golden-age-of-islamic-civilization-202605150549,Islamic History,The Transformation of Islamic Civilization: A Historical Analysis of the Classical Period and the Golden Age,https://doi.org/10.15548/khazanah.v14i2.1538,"Tri Yugo Yugo, Aep Saepudin. ""The Transformation of Islamic Civilization: A Historical Analysis of the Classical Period and the Golden Age"". semantic_scholar_foundational, 2024."
The Abbasid Caliphate: Golden Age of Islamic Civilization,https://smarticle.tech/en/article/the-abbasid-caliphate-golden-age-of-islamic-civilization-202605150549,Islamic History,"ISLAMIC CIVILIZATION, PERIODIZATION, AND DEVELOPMENT IN INDONESIA AND SPAIN AND THEIR EFFECT ON WESTERN CIVILIZATION: A HISTORICAL REVIEW",https://doi.org/10.58344/jmi.v2i6.265,"Renata Asmamatin, Ferianto Ferianto. ""ISLAMIC CIVILIZATION, PERIODIZATION, AND DEVELOPMENT IN INDONESIA AND SPAIN AND THEIR EFFECT ON WESTERN CIVILIZATION: A HISTORICAL REVIEW"". JMI, 2023."
The Umayyad Dynasty: Expansion and Administrative Legacy,https://smarticle.tech/en/article/the-umayyad-dynasty-expansion-and-administrative-legacy-202605150556,Islamic History,Lives of Mahomet and his successors,https://archive.org/details/mahomethissucces00irvi,Lives of Mahomet and his successors. by Washington Irving. (1849). — G.P. Putnam. ISBN: 9781421231358
The Umayyad Dynasty: Expansion and Administrative Legacy,https://smarticle.tech/en/article/the-umayyad-dynasty-expansion-and-administrative-legacy-202605150556,Islamic History,"Conquest of Syria, Persia and Ægypt, by the Saracens",https://archive.org/details/historyofsaracen00ockl,"Conquest of Syria, Persia and Ægypt, by the Saracens. by Simon Ockley. (1708). — Bell. ISBN: 1428634835"
The Umayyad Dynasty: Expansion and Administrative Legacy,https://smarticle.tech/en/article/the-umayyad-dynasty-expansion-and-administrative-legacy-202605150556,Islamic History,The history of the Saracens,https://archive.org/details/historyofsaracen0000ockl,The history of the Saracens. by Simon Ockley. (1718). — H. G. Bohn. ISBN: 9780524022245
The Umayyad Dynasty: Expansion and Administrative Legacy,https://smarticle.tech/en/article/the-umayyad-dynasty-expansion-and-administrative-legacy-202605150556,Islamic History,Tārīkh madīnat Dimashq,https://openlibrary.org/works/OL3893810W,Tārīkh madīnat Dimashq. by ʻAlī ibn al-Ḥasan Ibn ʻAsākir. (1900). — Muʾassasat al-Ḥammūdī. ISBN: 1575475995
The Umayyad Dynasty: Expansion and Administrative Legacy,https://smarticle.tech/en/article/the-umayyad-dynasty-expansion-and-administrative-legacy-202605150556,Islamic History,Ansāb al-ashrāf,https://openlibrary.org/works/OL1606857W,Ansāb al-ashrāf. by Aḥmad ibn Yaḥyá Balādhurī. (1900). — Yuṭlabu min Maktabat al-Muthanná. ISBN: 9783879971305
The Umayyad Dynasty: Expansion and Administrative Legacy,https://smarticle.tech/en/article/the-umayyad-dynasty-expansion-and-administrative-legacy-202605150556,Islamic History,Prophet and the Age of the Caliphates,https://openlibrary.org/works/OL21274164W,Prophet and the Age of the Caliphates. by Hugh Kennedy. (2015). — Taylor & Francis Group. ISBN: 0367366908
The Umayyad Dynasty: Expansion and Administrative Legacy,https://smarticle.tech/en/article/the-umayyad-dynasty-expansion-and-administrative-legacy-202605150556,Islamic History,The history of al-Tabarī,https://archive.org/details/foundationofcomm0007abar,The history of al-Tabarī. by Abu Ja'far Muhammad ibn Jarir al-Tabari. (1985). — State University of New York Press. ISBN: 9780887065668
The Umayyad Dynasty: Expansion and Administrative Legacy,https://smarticle.tech/en/article/the-umayyad-dynasty-expansion-and-administrative-legacy-202605150556,Islamic History,The first dynasty of Islam,https://openlibrary.org/works/OL11421991W,The first dynasty of Islam. by G. R. Hawting. (1986). — Croom Helm. ISBN: 0203170385
The Umayyad Dynasty: Expansion and Administrative Legacy,https://smarticle.tech/en/article/the-umayyad-dynasty-expansion-and-administrative-legacy-202605150556,Islamic History,Al-Maqrīzīs̓ book of contention and strife concerning the relations between the Banū Umayya and the Banū Hāshim,https://archive.org/details/almaqrzsbookofco0000maqr,Al-Maqrīzīs̓ book of contention and strife concerning the relations between the Banū Umayya and the Banū Hāshim. by Aḥmad ibn ʻAlī Maqrīzī. (1980). — University of Manchester
The Umayyad Dynasty: Expansion and Administrative Legacy,https://smarticle.tech/en/article/the-umayyad-dynasty-expansion-and-administrative-legacy-202605150556,Islamic History,Al-Maqrīzī's book of contention and strife concerning the relations between the Banū Umayya and the Banū Hāshim,https://openlibrary.org/works/OL21175009W,Al-Maqrīzī's book of contention and strife concerning the relations between the Banū Umayya and the Banū Hāshim. by Aḥmad ibn ʻAlī Maqrīzī. (1980). — University of Manchester
The Ottoman Empire: Six Centuries of Imperial Rule,https://smarticle.tech/en/article/the-ottoman-empire-six-centuries-of-imperial-rule-202605150603,Islamic History,The foundation of the Ottoman empire,https://archive.org/details/osmanlimparatorl00gibb,The foundation of the Ottoman empire. by Herbert Adams Gibbons. (1916). — Franklin Classics. ISBN: 0353423610
The Ottoman Empire: Six Centuries of Imperial Rule,https://smarticle.tech/en/article/the-ottoman-empire-six-centuries-of-imperial-rule-202605150603,Islamic History,Geschichte des osmanischen Reiches,https://archive.org/details/geschichtedesosm04hamm,"Geschichte des osmanischen Reiches. by Joseph von Hammer-Purgstall, Joseph Freiherr von Hammer-Purgstall. (1827). — C. A. Hartleben"
The Ottoman Empire: Six Centuries of Imperial Rule,https://smarticle.tech/en/article/the-ottoman-empire-six-centuries-of-imperial-rule-202605150603,Islamic History,Present state of the Ottoman Empire,https://archive.org/details/presentstateofot00ryca,"Present state of the Ottoman Empire. by Rycaut, Paul Sir. (1668). — Printed for John Starkey and Henry Brome. ISBN: 9780405027871"
The Ottoman Empire: Six Centuries of Imperial Rule,https://smarticle.tech/en/article/the-ottoman-empire-six-centuries-of-imperial-rule-202605150603,Islamic History,The Foundation of the Ottoman Empire; a history of the Osmanlis up to the death of Bayezid I (1300-1403),https://www.gutenberg.org/ebooks/56836,"The Foundation of the Ottoman Empire; a history of the Osmanlis up to the death of Bayezid I (1300-1403). by Gibbons, Herbert Adams. — Project Gutenberg"
The Ottoman Empire: Six Centuries of Imperial Rule,https://smarticle.tech/en/article/the-ottoman-empire-six-centuries-of-imperial-rule-202605150603,Islamic History,Les Echelles du Levant,https://archive.org/details/portsofcall00maal,Les Echelles du Levant. by Amin Maalouf. (1996). — Grasset. ISBN: 8420634875
The Ottoman Empire: Six Centuries of Imperial Rule,https://smarticle.tech/en/article/the-ottoman-empire-six-centuries-of-imperial-rule-202605150603,Islamic History,A Peace to End All Peace,https://archive.org/details/peacetoendallpea00from,A Peace to End All Peace. by David Fromkin. (1989). — H. Holt and Co.. ISBN: 1855131633
The Ottoman Empire: Six Centuries of Imperial Rule,https://smarticle.tech/en/article/the-ottoman-empire-six-centuries-of-imperial-rule-202605150603,Islamic History,Poland in Ottoman and Turkish Grand Strategy: The Puzzle of an Enduring Alliance over Six Centuries,https://doi.org/10.26650/b/ah3ssc15ssc21.2025.006.007,"Şener Aktürk. ""Poland in Ottoman and Turkish Grand Strategy: The Puzzle of an Enduring Alliance over Six Centuries"". crossref, 2025."
The Ottoman Empire: Six Centuries of Imperial Rule,https://smarticle.tech/en/article/the-ottoman-empire-six-centuries-of-imperial-rule-202605150603,Islamic History,The Fortress: Defining and Mapping the Ottoman Frontier in the Sixteenth and Seventeenth Centuries,https://doi.org/10.5871/bacad/9780197264423.003.0002,"Palmira Brummett. ""The Fortress: Defining and Mapping the Ottoman Frontier in the Sixteenth and Seventeenth Centuries"". *The British Academy*, 2009."
The Ottoman Empire: Six Centuries of Imperial Rule,https://smarticle.tech/en/article/the-ottoman-empire-six-centuries-of-imperial-rule-202605150603,Islamic History,Ransom Slavery Along The Ottoman– Hungarian Frontier In The Sixteenth And Seventeenth Centuries,https://doi.org/10.1163/ej.9789004157040.i-256.12,"Géza Pálffy. ""Ransom Slavery Along The Ottoman– Hungarian Frontier In The Sixteenth And Seventeenth Centuries"". crossref, 2007."
The Ottoman Empire: Six Centuries of Imperial Rule,https://smarticle.tech/en/article/the-ottoman-empire-six-centuries-of-imperial-rule-202605150603,Islamic History,Religious pluralism in the Balkans during the late Ottoman imperial era,https://doi.org/10.4324/9781315587967-7,"Clayer, Nathalie. ""Religious pluralism in the Balkans during the late Ottoman imperial era"". *crossref*, 2016."
"The Industrial Revolution: Technology, Labor, and Social Transformation",https://smarticle.tech/en/article/the-industrial-revolution-technology-labor-and-social-transformation-202605150614,World History,Hard Times,https://archive.org/details/hardtimesnewnove00dick,Hard Times. by Charles Dickens. (1854). — Paperbackshop.Co.UK Ltd - Echo Library. ISBN: 9798754730793
"The Industrial Revolution: Technology, Labor, and Social Transformation",https://smarticle.tech/en/article/the-industrial-revolution-technology-labor-and-social-transformation-202605150614,World History,Great Expectations,https://archive.org/details/dickenswork14dick,Great Expectations. by Charles Dickens. (1861). — Race Point Publishing. ISBN: 0862250862
"The Industrial Revolution: Technology, Labor, and Social Transformation",https://smarticle.tech/en/article/the-industrial-revolution-technology-labor-and-social-transformation-202605150614,World History,The economy of machinery and manufactures,https://archive.org/details/oneconomyofmac00babb,The economy of machinery and manufactures. by Charles Babbage. (1832). — C. Knight .... ISBN: 0344268179
"The Industrial Revolution: Technology, Labor, and Social Transformation",https://smarticle.tech/en/article/the-industrial-revolution-technology-labor-and-social-transformation-202605150614,World History,A short history of economic progress,https://archive.org/details/shorthistoryofec0000bren_j5y0,A short history of economic progress. by A. French. (2006). — Routledge. ISBN: 0415286190
"The Industrial Revolution: Technology, Labor, and Social Transformation",https://smarticle.tech/en/article/the-industrial-revolution-technology-labor-and-social-transformation-202605150614,World History,"Cultural aspects of the industrial revolution: Lynn, Massachusetts, shoemakers and industrial morality, 1826–1860∗",https://doi.org/10.1080/00236567408584301,"Paul Faler. ""Cultural aspects of the industrial revolution: Lynn, Massachusetts, shoemakers and industrial morality, 1826–1860"". *crossref*, 1974."
"The Industrial Revolution: Technology, Labor, and Social Transformation",https://smarticle.tech/en/article/the-industrial-revolution-technology-labor-and-social-transformation-202605150614,World History,European Socialism: A History of Ideas and Movements from the Industrial Revolution to Hitler's Seizure of Power.,https://doi.org/10.2307/2520411,"Adolf Sturmthal, Carl A. Landauer. ""European Socialism: A History of Ideas and Movements from the Industrial Revolution to Hitler's Seizure of Power"". crossref, 1962."
"The Industrial Revolution: Technology, Labor, and Social Transformation",https://smarticle.tech/en/article/the-industrial-revolution-technology-labor-and-social-transformation-202605150614,World History,"Women, Writing, and the Industrial Revolution (review)",https://doi.org/10.1353/tech.2000.0081,"Schwarzkopf, Jutta. ""Women, Writing, and the Industrial Revolution (review)"". *Technology and Culture*, 2000."
"The Industrial Revolution: Technology, Labor, and Social Transformation",https://smarticle.tech/en/article/the-industrial-revolution-technology-labor-and-social-transformation-202605150614,World History,New Technology and Industrial Change: The Impact of the Scientific-Technical Revolution on Labour and Industry.,https://doi.org/10.2307/2523681,"Bourn, Colin; Benson, Ian; Lloyd, John. ""New Technology and Industrial Change: The Impact of the Scientific-Technical Revolution on Labour and Industry"". crossref, 1984."
"The Industrial Revolution: Technology, Labor, and Social Transformation",https://smarticle.tech/en/article/the-industrial-revolution-technology-labor-and-social-transformation-202605150614,World History,The Subterranean Forest: Energy Systems and the Industrial Revolution (review),https://doi.org/10.1353/tech.2003.0041,"Fred Quivik. ""The Subterranean Forest: Energy Systems and the Industrial Revolution (review)"". *Technology and Culture*, 2003."
"The Industrial Revolution: Technology, Labor, and Social Transformation",https://smarticle.tech/en/article/the-industrial-revolution-technology-labor-and-social-transformation-202605150614,World History,Child Labor and the Industrial Revolution,https://doi.org/10.2307/368179,"Gardner, Phil; Nardinelli, Clark; Hendrick, Harry. ""Child Labor and the Industrial Revolution"". crossref, 1991."
"World War II: Causes, Theaters, and Global Consequences",https://smarticle.tech/en/article/world-war-ii-causes-theaters-and-global-consequences-202605150623,World History,"The Complete Sherlock Holmes [4 novels, 56 stories]",https://archive.org/details/completesherlock00doyl,"The Complete Sherlock Holmes [4 novels, 56 stories]. by Arthur Conan Doyle. (1900). — Bantam Classics. ISBN: 9781409077060"
"World War II: Causes, Theaters, and Global Consequences",https://smarticle.tech/en/article/world-war-ii-causes-theaters-and-global-consequences-202605150623,World History,Wuthering Heights,https://archive.org/details/wutheringheights0000kesh,Wuthering Heights. by Emily Brontë. (1846). — Les Prairies Numeriques. ISBN: 1425055060
"World War II: Causes, Theaters, and Global Consequences",https://smarticle.tech/en/article/world-war-ii-causes-theaters-and-global-consequences-202605150623,World History,Nineteen Eighty-Four,https://archive.org/details/19840000aowe,Nineteen Eighty-Four. by George Orwell. (1949). — Chiltern. ISBN: 9780451524935
"World War II: Causes, Theaters, and Global Consequences",https://smarticle.tech/en/article/world-war-ii-causes-theaters-and-global-consequences-202605150623,World History,A History of French Literature: Short Histories of the Literatures of the World: II.,https://www.gutenberg.org/ebooks/24700,"A History of French Literature: Short Histories of the Literatures of the World: II.. by Dowden, Edward. — Project Gutenberg"
"World War II: Causes, Theaters, and Global Consequences",https://smarticle.tech/en/article/world-war-ii-causes-theaters-and-global-consequences-202605150623,World History,Slaughterhouse-Five,https://archive.org/details/abatorulcinci0000vonn,Slaughterhouse-Five. by Kurt Vonnegut. (1968). — Laurel. ISBN: 9781559949255
"European Colonialism: Mechanisms, Justifications, and Long-Term Effects",https://smarticle.tech/en/article/european-colonialism-mechanisms-justifications-and-long-term-effects-202605150632,World History,The Autobiography of Benjamin Franklin,https://archive.org/details/autobiographyofb0000fran_s6g2,The Autobiography of Benjamin Franklin. by Benjamin Franklin. (1791). — Printed for Cushing and Carlton. ISBN: 1534829741
"European Colonialism: Mechanisms, Justifications, and Long-Term Effects",https://smarticle.tech/en/article/european-colonialism-mechanisms-justifications-and-long-term-effects-202605150632,World History,Social rights in a post-colonial welfare state: Revisiting ‘universality’ and ‘inclusivity’,https://doi.org/10.1177/09589287241297540,"Westra, E., van Hooren, F. ""Social rights in a post-colonial welfare state: Revisiting ‘universality’ and ‘inclusivity’"". *semantic_scholar_foundational*, 2024."
"European Colonialism: Mechanisms, Justifications, and Long-Term Effects",https://smarticle.tech/en/article/european-colonialism-mechanisms-justifications-and-long-term-effects-202605150632,World History,The Postcommunist Supplement: The Revision of Postcolonial Theory from the East European Quarter,https://doi.org/10.2478/abcsj-2022-0008,"Ștefănescu, B. ""The Postcommunist Supplement: The Revision of Postcolonial Theory from the East European Quarter"". semantic_scholar_foundational, 2022."
"European Colonialism: Mechanisms, Justifications, and Long-Term Effects",https://smarticle.tech/en/article/european-colonialism-mechanisms-justifications-and-long-term-effects-202605150632,World History,Legacy effects of European colonialism on hotspots of biocultural diversity threat,https://doi.org/10.1101/2025.01.27.635019,"B. Lenzner, Andreas Baumann, S. Norder, Franz Essl, Hannes A. Fellner. ""Legacy effects of European colonialism on hotspots of biocultural diversity threat"". semantic_scholar_foundational, 2025."
"European Colonialism: Mechanisms, Justifications, and Long-Term Effects",https://smarticle.tech/en/article/european-colonialism-mechanisms-justifications-and-long-term-effects-202605150632,World History,Placing diverse knowledge systems at the core of transformative climate research,https://doi.org/10.1007/s13280-023-01857-w,"Orlove B., Sherpa P., Dawson N., et al. ""Placing diverse knowledge systems at the core of transformative climate research"". Ambio, 2023."
"European Colonialism: Mechanisms, Justifications, and Long-Term Effects",https://smarticle.tech/en/article/european-colonialism-mechanisms-justifications-and-long-term-effects-202605150632,World History,The Making of Imperial Public Sphere on Portuguese Colonialism,https://doi.org/10.1080/13688804.2023.2299783,"Isadora de Ataíde Fonseca. ""The Making of Imperial Public Sphere on Portuguese Colonialism"". semantic_scholar_foundational, 2023."
"European Colonialism: Mechanisms, Justifications, and Long-Term Effects",https://smarticle.tech/en/article/european-colonialism-mechanisms-justifications-and-long-term-effects-202605150632,World History,Colonialism and Institutional Persistence: Mixed Legislative Legacies in Ghana and Kenya,https://doi.org/10.31219/osf.io/hkbn7,"Opalo, K. ""Colonialism and Institutional Persistence: Mixed Legislative Legacies in Ghana and Kenya"". semantic_scholar_foundational, 2021."
The American Independence Movement and the Birth of Constitutional Democracy,https://smarticle.tech/en/article/the-american-independence-movement-and-the-birth-of-constitutional-democrac-202605150640,History of Nations,The Autobiography of Benjamin Franklin,https://archive.org/details/autobiographyofb0000fran_s6g2,The Autobiography of Benjamin Franklin. by Benjamin Franklin. (1791). — Printed for Cushing and Carlton. ISBN: 1534829741
The American Independence Movement and the Birth of Constitutional Democracy,https://smarticle.tech/en/article/the-american-independence-movement-and-the-birth-of-constitutional-democrac-202605150640,History of Nations,Common Sense,https://archive.org/details/commonsense50pain,"Common Sense. by Thomas Paine, Thomas Paine. (1776). — Printed by W. T. Sherwin. ISBN: 9781703601732"
The American Independence Movement and the Birth of Constitutional Democracy,https://smarticle.tech/en/article/the-american-independence-movement-and-the-birth-of-constitutional-democrac-202605150640,History of Nations,The Constitution of the United States and related documents,https://archive.org/details/constitutionofun00unitrich,The Constitution of the United States and related documents. by United States. (1787). — (Printed by Dunlap & Claypoole.). ISBN: 0760700761
The American Independence Movement and the Birth of Constitutional Democracy,https://smarticle.tech/en/article/the-american-independence-movement-and-the-birth-of-constitutional-democrac-202605150640,History of Nations,The American Revolution,https://archive.org/details/americanrevoluti1908trev,"The American Revolution. by George Otto Trevelyan. (1899). — Longmans, Green, and Co.. ISBN: 0548765731"
The American Independence Movement and the Birth of Constitutional Democracy,https://smarticle.tech/en/article/the-american-independence-movement-and-the-birth-of-constitutional-democrac-202605150640,History of Nations,Third Congress of the United States,https://openlibrary.org/works/OL76219W,Third Congress of the United States. by United States. (1793). — Printed by Francis Childs
The American Independence Movement and the Birth of Constitutional Democracy,https://smarticle.tech/en/article/the-american-independence-movement-and-the-birth-of-constitutional-democrac-202605150640,History of Nations,"Oration on the absolute necessity of union, and the folly and madness of disunion, delivered fourth of July, 1809",https://openlibrary.org/works/OL32858020W,"Oration on the absolute necessity of union, and the folly and madness of disunion, delivered fourth of July, 1809. by Thomas Smith Grimké. (1829). — [publisher not identified]"
The American Independence Movement and the Birth of Constitutional Democracy,https://smarticle.tech/en/article/the-american-independence-movement-and-the-birth-of-constitutional-democrac-202605150640,History of Nations,Constitutionalism and antiquity transformation,https://doi.org/10.1080/23801883.2018.1527516,"P. Springborg. ""Constitutionalism and antiquity transformation"". semantic_scholar_foundational, 2018."
The American Independence Movement and the Birth of Constitutional Democracy,https://smarticle.tech/en/article/the-american-independence-movement-and-the-birth-of-constitutional-democrac-202605150640,History of Nations,Sieyès versus Bicameralism,https://doi.org/10.1017/S0034670518001201,"Rubinelli, Lucia. ""Sieyès versus Bicameralism"". *Representative Theory*, 2018."
The Formation of Modern European Nation-States,https://smarticle.tech/en/article/the-formation-of-modern-european-nation-states-202605181027,History of Nations,The Prince,https://archive.org/details/machiavelli00machuoft,The Prince. by Niccolò Machiavelli. (1515). — 1st World Library - Literary Society. ISBN: 9781582873268
The Formation of Modern European Nation-States,https://smarticle.tech/en/article/the-formation-of-modern-european-nation-states-202605181027,History of Nations,Implementation of the Helsinki accords,https://archive.org/details/implementationof1103unit,Implementation of the Helsinki accords. by United States. Congress. Commission on Security and Cooperation in Europe. (1982). — U.S. G.P.O. ISBN: 0160355605
The Formation of Modern European Nation-States,https://smarticle.tech/en/article/the-formation-of-modern-european-nation-states-202605181027,History of Nations,The Ottoman Origins of Kemalist Nationalism: Namik Kemal to Mustafa Kemal,https://doi.org/10.1177/026569149302300201,"Selim Deringil. ""The Ottoman Origins of Kemalist Nationalism: Namik Kemal to Mustafa Kemal"". crossref, 1993."
Post-Colonial African Nations: State-Building and Political Challenges,https://smarticle.tech/en/article/post-colonial-african-nations-state-building-and-political-challenges-202605181037,History of Nations,African Frontiers,https://openlibrary.org/works/OL21277014W,"African Frontiers. by Tanya Lyons, John Lahai. (2016). — Routledge, Chapman & Hall, Incorporated. ISBN: 9781317184300"
Post-Colonial African Nations: State-Building and Political Challenges,https://smarticle.tech/en/article/post-colonial-african-nations-state-building-and-political-challenges-202605181037,History of Nations,The military and politics in Africa,https://openlibrary.org/works/OL18857703W,"The military and politics in Africa. by George Klay Kieh, Pita Ogaba Agbese. (2004). — Ashgate Publishing. ISBN: 9780754618768"
Post-Colonial African Nations: State-Building and Political Challenges,https://smarticle.tech/en/article/post-colonial-african-nations-state-building-and-political-challenges-202605181037,History of Nations,U.S. policy in postcolonial Africa,https://openlibrary.org/works/OL1915800W,U.S. policy in postcolonial Africa. by Festus Ugboaja Ohaegbulam. (2004). — Peter Lang Publishing. ISBN: 9780820470917
Post-Colonial African Nations: State-Building and Political Challenges,https://smarticle.tech/en/article/post-colonial-african-nations-state-building-and-political-challenges-202605181037,History of Nations,Mozambique and the construction of the new African state,https://archive.org/details/mozambiqueconstr0000alde,Mozambique and the construction of the new African state. by Chris Alden. (2001). — Palgrave Macmillan. ISBN: 9780333732304
Post-Colonial African Nations: State-Building and Political Challenges,https://smarticle.tech/en/article/post-colonial-african-nations-state-building-and-political-challenges-202605181037,History of Nations,Sources of Conflict in the Post Colonial African State,https://openlibrary.org/works/OL21543548W,Sources of Conflict in the Post Colonial African State. by Ademola Araoye. (2014). — Africa World Press. ISBN: 1592219756
Post-Colonial African Nations: State-Building and Political Challenges,https://smarticle.tech/en/article/post-colonial-african-nations-state-building-and-political-challenges-202605181037,History of Nations,Empire state-building,https://archive.org/details/empirestatebuild0000lewi,Empire state-building. by Joanna Lewis. (2000). — Ohio University Press. ISBN: 9780821413982
Post-Colonial African Nations: State-Building and Political Challenges,https://smarticle.tech/en/article/post-colonial-african-nations-state-building-and-political-challenges-202605181037,History of Nations,From intra-state war to durable peace,https://openlibrary.org/works/OL40362432W,From intra-state war to durable peace. by Thomas Ohlson. (2012). — Republic of Letters. ISBN: 9089790462
Post-Colonial African Nations: State-Building and Political Challenges,https://smarticle.tech/en/article/post-colonial-african-nations-state-building-and-political-challenges-202605181037,History of Nations,"Douglas A. Yates, The Rentier State in Africa: oil rent dependency and neocolonialism in the Republic of Gabon. Trenton NJ: Africa World Press, 1996,",https://doi.org/10.2307/1161572,"Florence Bernault. ""Douglas A. Yates, The Rentier State in Africa: oil rent dependency and neocolonialism in the Republic of Gabon. Trenton NJ: Africa World Press, 1996, 249 pp., £12.99, ISBN 0 86543 521 9 paperback."". crossref, 2001."
Alexander the Great: Military Genius and Hellenistic Legacy,https://smarticle.tech/en/article/alexander-the-great-military-genius-and-hellenistic-legacy-202605181046,Historical Figures,Pride and Prejudice,https://archive.org/details/bwb_KS-179-237,"Pride and Prejudice. by Jane Austen. (1813). — THOMAS NELSON & SONS, LTD. ISBN: 802680676X"
Alexander the Great: Military Genius and Hellenistic Legacy,https://smarticle.tech/en/article/alexander-the-great-military-genius-and-hellenistic-legacy-202605181046,Historical Figures,The Art of War,https://archive.org/details/artofwaroldestmi00suntuoft,"The Art of War. by 孙武 (Sun Tzu), Stephen F. Kaufman, Lionel Giles. (1900). — Karbon Kitaplar. ISBN: 9781648210136"
Alexander the Great: Military Genius and Hellenistic Legacy,https://smarticle.tech/en/article/alexander-the-great-military-genius-and-hellenistic-legacy-202605181046,Historical Figures,Tao te Ching,https://archive.org/details/sayingsoflaotzu00laoz,Tao te Ching. by 老子. (1842). — David McKay. ISBN: 9781477611067
Alexander the Great: Military Genius and Hellenistic Legacy,https://smarticle.tech/en/article/alexander-the-great-military-genius-and-hellenistic-legacy-202605181046,Historical Figures,Bible,https://archive.org/details/holybiblesoarran01unse,Bible. by Bible. (1200). — COLLINS. ISBN: 9780340863664
Alexander the Great: Military Genius and Hellenistic Legacy,https://smarticle.tech/en/article/alexander-the-great-military-genius-and-hellenistic-legacy-202605181046,Historical Figures,Ἰλιάς,https://archive.org/details/iliadofhomerdone00home,Ἰλιάς. by Όμηρος. (1505). — e typographeo Clarendoniano. ISBN: 9780856686283
Julius Caesar: Political Power and the End of the Roman Republic,https://smarticle.tech/en/article/julius-caesar-political-power-and-the-end-of-the-roman-republic-202605181058,Historical Figures,De bello Gallico,https://archive.org/details/MemoiresVanDeGallischeOorlog,De bello Gallico. by Gaius Julius Caesar. (1802). — Eldredge & Borther. ISBN: 9780736604666
Julius Caesar: Political Power and the End of the Roman Republic,https://smarticle.tech/en/article/julius-caesar-political-power-and-the-end-of-the-roman-republic-202605181058,Historical Figures,Ab urbe condita,https://archive.org/details/romanehistorie00livy,Ab urbe condita. by Titus Livius. (1481). — Bangs Brothers. ISBN: 0865164509
Julius Caesar: Political Power and the End of the Roman Republic,https://smarticle.tech/en/article/julius-caesar-political-power-and-the-end-of-the-roman-republic-202605181058,Historical Figures,De vita Caesarum,https://archive.org/details/historyoftwelvec01suetuoft,De vita Caesarum. by Suetonius. (1470). — Modern Library. ISBN: 9781414284057
Julius Caesar: Political Power and the End of the Roman Republic,https://smarticle.tech/en/article/julius-caesar-political-power-and-the-end-of-the-roman-republic-202605181058,Historical Figures,Roman history,https://archive.org/details/commentaryonfift00cassuoft,Roman history. by Cassius Dio Cocceianus. (1519). — W. Heinemann. ISBN: 0665728557
Julius Caesar: Political Power and the End of the Roman Republic,https://smarticle.tech/en/article/julius-caesar-political-power-and-the-end-of-the-roman-republic-202605181058,Historical Figures,Lives,https://archive.org/details/plutarchslivestr02plut2,Lives. by Plutarch. (1564). — Sterling Publishing. ISBN: 0674994728
Julius Caesar: Political Power and the End of the Roman Republic,https://smarticle.tech/en/article/julius-caesar-political-power-and-the-end-of-the-roman-republic-202605181058,Historical Figures,C. Iulii Caesaris Commentarii de bello gallico,https://archive.org/details/firstsixbooksofc00caesuoft,"C. Iulii Caesaris Commentarii de bello gallico. by Gaius Julius Caesar, Marieluise Deißmann. (1570). — Universiteit van Suid-Afrika. ISBN: 9780665547485"
Julius Caesar: Political Power and the End of the Roman Republic,https://smarticle.tech/en/article/julius-caesar-political-power-and-the-end-of-the-roman-republic-202605181058,Historical Figures,Römische Geschichte,https://archive.org/details/romischegeschich03momm,"Römische Geschichte. by Theodor Mommsen, Heinrich Kiepert. (1854). — E.P. Dutton. ISBN: 9781414273167"
Julius Caesar: Political Power and the End of the Roman Republic,https://smarticle.tech/en/article/julius-caesar-political-power-and-the-end-of-the-roman-republic-202605181058,Historical Figures,Julius Caesar and the Transformation of the Roman Republic,https://doi.org/10.4324/9781315746173,"Stevenson, Tom. ""Julius Caesar and the Transformation of the Roman Republic"". crossref, 2014."
Julius Caesar: Political Power and the End of the Roman Republic,https://smarticle.tech/en/article/julius-caesar-political-power-and-the-end-of-the-roman-republic-202605181058,Historical Figures,"Julius Caesar , factions and the end of the Roman republic",https://doi.org/10.5040/9781350174016.ch-004,"Rosenstein, N. ""Julius Caesar, factions and the end of the Roman republic"". *Crossref*, 2022."
Julius Caesar: Political Power and the End of the Roman Republic,https://smarticle.tech/en/article/julius-caesar-political-power-and-the-end-of-the-roman-republic-202605181058,Historical Figures,New Directions: The Death of the Roman Republic: Julius Caesar and Cicero,https://doi.org/10.5040/9781474220415.ch-007,"Warren Chernaik. ""New Directions: The Death of the Roman Republic: Julius Caesar and Cicero"". crossref, 2016."
"Confucius: Philosophy, Ethics, and Influence on East Asian Civilization",https://smarticle.tech/en/article/confucius-philosophy-ethics-and-influence-on-east-asian-civilization-202605181107,Historical Figures,Lun yu,https://archive.org/details/analectsofconfuc00confrich,Lun yu. by Confucius. (1750). — New Directions Pub. Cor.]. ISBN: 9781884129124
"Confucius: Philosophy, Ethics, and Influence on East Asian Civilization",https://smarticle.tech/en/article/confucius-philosophy-ethics-and-influence-on-east-asian-civilization-202605181107,Historical Figures,Meng-tzu,https://archive.org/details/mencius0000menc_b3n4,Meng-tzu. by Mencius. (1932). — Sŏul Taehakkyo Chʻulpʻanbu. ISBN: 9781887178624
"Confucius: Philosophy, Ethics, and Influence on East Asian Civilization",https://smarticle.tech/en/article/confucius-philosophy-ethics-and-influence-on-east-asian-civilization-202605181107,Historical Figures,Lunyu,https://archive.org/details/wisdomofconfuciu00conf,Lunyu. by Confucius. (1904). — Chinese Univ Pr. ISBN: 9781887178631
"Confucius: Philosophy, Ethics, and Influence on East Asian Civilization",https://smarticle.tech/en/article/confucius-philosophy-ethics-and-influence-on-east-asian-civilization-202605181107,Historical Figures,Confucian analects,https://archive.org/details/confuciananalect00conf,Confucian analects. by Confucius. (1895). — P. Owen. ISBN: 0844600679
"Confucius: Philosophy, Ethics, and Influence on East Asian Civilization",https://smarticle.tech/en/article/confucius-philosophy-ethics-and-influence-on-east-asian-civilization-202605181107,Historical Figures,20 shi ji ru xue yan jiu da xi,https://openlibrary.org/works/OL18844222W,"20 shi ji ru xue yan jiu da xi. by Minggui Tang, Zhongwen Han, Jingming Li. (2003). — Zhonghua shu ju. ISBN: 7101036872"
"Confucius: Philosophy, Ethics, and Influence on East Asian Civilization",https://smarticle.tech/en/article/confucius-philosophy-ethics-and-influence-on-east-asian-civilization-202605181107,Historical Figures,The Confucian analects,https://openlibrary.org/works/OL38590595W,"The Confucian analects. by Confucius. (1895). — G. Routledge and sons, ltd."
"Confucius: Philosophy, Ethics, and Influence on East Asian Civilization",https://smarticle.tech/en/article/confucius-philosophy-ethics-and-influence-on-east-asian-civilization-202605181107,Historical Figures,Tongbuk Asia Yugyo ui chongtong kwa hyondae,https://openlibrary.org/works/OL13234580W,"Tongbuk Asia Yugyo ui chongtong kwa hyondae. by won-yol Kim, Wŏn-yŏl Kim. (2007). — Hanguk Haksul Chongbo.. ISBN: 9788953475298"
"Confucius: Philosophy, Ethics, and Influence on East Asian Civilization",https://smarticle.tech/en/article/confucius-philosophy-ethics-and-influence-on-east-asian-civilization-202605181107,Historical Figures,"Tong Asia wa kŭndae, yŏsŏng ŭi palgyŏn",https://openlibrary.org/works/OL18420467W,"Tong Asia wa kŭndae, yŏsŏng ŭi palgyŏn. by Chae-gyo Chin. (2004). — Chʻŏngŏram Midiŏ. ISBN: 8989722381"
"Confucius: Philosophy, Ethics, and Influence on East Asian Civilization",https://smarticle.tech/en/article/confucius-philosophy-ethics-and-influence-on-east-asian-civilization-202605181107,Historical Figures,Yugyojŏk sahoehwa,https://openlibrary.org/works/OL13839540W,Yugyojŏk sahoehwa. by Ha-bae Yi. (2009). — Simsan Chʻulpʻansa. ISBN: 9788989721833
"Confucius: Philosophy, Ethics, and Influence on East Asian Civilization",https://smarticle.tech/en/article/confucius-philosophy-ethics-and-influence-on-east-asian-civilization-202605181107,Historical Figures,Kukka hyŏksin ŭl wihan sirhakchŏk mongmin sasang,https://openlibrary.org/works/OL18717719W,Kukka hyŏksin ŭl wihan sirhakchŏk mongmin sasang. by Han-gyu Chʻoe. (2008). — Hanʼguk Haksul Chŏngbo. ISBN: 8953484286
"The Crusades: Religious Motivation, Military Campaigns, and Cultural Exchange",https://smarticle.tech/en/article/the-crusades-religious-motivation-military-campaigns-and-cultural-exchange-202605181117,Battles & Events,Bible,https://archive.org/details/holybiblesoarran01unse,Bible. by Bible. (1200). — E.F. Backus. ISBN: 0564069019
"The Crusades: Religious Motivation, Military Campaigns, and Cultural Exchange",https://smarticle.tech/en/article/the-crusades-religious-motivation-military-campaigns-and-cultural-exchange-202605181117,Battles & Events,Godfrey of Bulloigne,https://archive.org/details/jerusalemoftorqu00tassiala,"Godfrey of Bulloigne. by Torquato Tasso, Marzio Pieri. (1581). — Didot. ISBN: 9780548276563"
"The Crusades: Religious Motivation, Military Campaigns, and Cultural Exchange",https://smarticle.tech/en/article/the-crusades-religious-motivation-military-campaigns-and-cultural-exchange-202605181117,Battles & Events,The History of the Crusades (vol. 2 of 3),https://www.gutenberg.org/ebooks/49118,"The History of the Crusades (vol. 2 of 3). by Michaud, J. Fr. (Joseph Fr.). — Project Gutenberg"
"The Crusades: Religious Motivation, Military Campaigns, and Cultural Exchange",https://smarticle.tech/en/article/the-crusades-religious-motivation-military-campaigns-and-cultural-exchange-202605181117,Battles & Events,The History of the Crusades (vol. 3 of 3),https://www.gutenberg.org/ebooks/49167,"The History of the Crusades (vol. 3 of 3). by Michaud, J. Fr. (Joseph Fr.). — Project Gutenberg"
"The Crusades: Religious Motivation, Military Campaigns, and Cultural Exchange",https://smarticle.tech/en/article/the-crusades-religious-motivation-military-campaigns-and-cultural-exchange-202605181117,Battles & Events,The geographical lore of the time of the Crusades : $b A study in the history of medieval science and tradition in Western Europe,https://www.gutenberg.org/ebooks/78333,"The geographical lore of the time of the Crusades : $b A study in the history of medieval science and tradition in Western Europe. by Wright, John Kirtland. — Project Gutenberg"
"The Crusades: Religious Motivation, Military Campaigns, and Cultural Exchange",https://smarticle.tech/en/article/the-crusades-religious-motivation-military-campaigns-and-cultural-exchange-202605181117,Battles & Events,The History of the Crusades (vol. 1 of 3),https://www.gutenberg.org/ebooks/49104,"The History of the Crusades (vol. 1 of 3). by Michaud, J. Fr. (Joseph Fr.). — Project Gutenberg"
"The Crusades: Religious Motivation, Military Campaigns, and Cultural Exchange",https://smarticle.tech/en/article/the-crusades-religious-motivation-military-campaigns-and-cultural-exchange-202605181117,Battles & Events,The Crusades,https://doi.org/10.5040/9781472895233,"D. Closson. ""The Crusades"". semantic_scholar_foundational, 2021."
"The Crusades: Religious Motivation, Military Campaigns, and Cultural Exchange",https://smarticle.tech/en/article/the-crusades-religious-motivation-military-campaigns-and-cultural-exchange-202605181117,Battles & Events,"Bringing the Holy Land Home: The Crusades, Chertsey Abbey, and the Reconstruction of a Medieval Masterpiece",https://doi.org/10.1080/00681288.2023.2234742,"Bernstein, Meg. ""Bringing the Holy Land Home: The Crusades, Chertsey Abbey, and the Reconstruction of a Medieval Masterpiece"". *semantic_scholar_foundational*, 2023."
"The Crusades: Religious Motivation, Military Campaigns, and Cultural Exchange",https://smarticle.tech/en/article/the-crusades-religious-motivation-military-campaigns-and-cultural-exchange-202605181117,Battles & Events,The Concise History of the Crusades,https://doi.org/10.5040/9798881831271,"M. F. Thomas. ""The Concise History of the Crusades"". semantic_scholar_foundational, 2023."
The Battle of Waterloo and the End of the Napoleonic Era,https://smarticle.tech/en/article/the-battle-of-waterloo-and-the-end-of-the-napoleonic-era-202605181126,Battles & Events,War and Peace,https://archive.org/details/warpeace34tols_0,War and Peace. by Лев Толстой. (1864). — EDIMAT LIBROS. ISBN: 9782253088974
The Battle of Waterloo and the End of the Napoleonic Era,https://smarticle.tech/en/article/the-battle-of-waterloo-and-the-end-of-the-napoleonic-era-202605181126,Battles & Events,Vom Kriege,https://archive.org/details/vomkriegehinter00claugoog,Vom Kriege. by Carl von Clausewitz. (1835). — Koehler & Amelang. ISBN: 9789875020900
The Battle of Waterloo and the End of the Napoleonic Era,https://smarticle.tech/en/article/the-battle-of-waterloo-and-the-end-of-the-napoleonic-era-202605181126,Battles & Events,"The war drama of the Eagles : $b Napoleon's standard-bearers on the  battlefield in victory and defeat from Austerlitz to Waterloo, a record of hard f",https://www.gutenberg.org/ebooks/75293,"The war drama of the Eagles : $b Napoleon's standard-bearers on the  battlefield in victory and defeat from Austerlitz to Waterloo, a record of hard fighting, heroism, and adventure. by Fraser, Edward. — Project Gutenberg"
The Battle of Waterloo and the End of the Napoleonic Era,https://smarticle.tech/en/article/the-battle-of-waterloo-and-the-end-of-the-napoleonic-era-202605181126,Battles & Events,"A Week at Waterloo in 1815: Lady De Lancey's Narrative: Being an Account of How She Nursed Her Husband, Colonel Sir William Howe De Lancey, Quartermas",https://www.gutenberg.org/ebooks/31517,"A Week at Waterloo in 1815: Lady De Lancey's Narrative: Being an Account of How She Nursed Her Husband, Colonel Sir William Howe De Lancey, Quartermaster-General of the Army, Mortally Wounded in the Great Battle. by De Lancey, Magdalene, Lady. — Project Gutenberg"
The Battle of Waterloo and the End of the Napoleonic Era,https://smarticle.tech/en/article/the-battle-of-waterloo-and-the-end-of-the-napoleonic-era-202605181126,Battles & Events,The Battle of Wavre and Grouchy's Retreat: A study of an Obscure Part of the Waterloo Campaign,https://www.gutenberg.org/ebooks/58174,"The Battle of Wavre and Grouchy's Retreat: A study of an Obscure Part of the Waterloo Campaign. by Kelly, William Hyde. — Project Gutenberg"
The Battle of Waterloo and the End of the Napoleonic Era,https://smarticle.tech/en/article/the-battle-of-waterloo-and-the-end-of-the-napoleonic-era-202605181126,Battles & Events,"Commentaries on the Surgery of the War in Portugal, Spain, France, and the Netherlands: from the battle of Roliça, in 1808, to that of Waterloo, in 18",https://www.gutenberg.org/ebooks/65622,"Commentaries on the Surgery of the War in Portugal, Spain, France, and the Netherlands: from the battle of Roliça, in 1808, to that of Waterloo, in 1815; with additions relating to those in the Crimea in 1854-55, showing the improvements made during and since that period in the great art and science of surgery on all the subjects to which they relate.. by Guthrie, G. J. (George James). — Project Gutenberg"
The Battle of Waterloo and the End of the Napoleonic Era,https://smarticle.tech/en/article/the-battle-of-waterloo-and-the-end-of-the-napoleonic-era-202605181126,Battles & Events,The Prince,https://archive.org/details/machiavelli00machuoft,The Prince. by Niccolò Machiavelli. (1515). — Tantor Media Inc. ISBN: 0393962202
The Battle of Waterloo and the End of the Napoleonic Era,https://smarticle.tech/en/article/the-battle-of-waterloo-and-the-end-of-the-napoleonic-era-202605181126,Battles & Events,The battle: a new history of Waterloo,https://doi.org/10.5860/choice.43-5507,"Alexander, R. L. ""The Battle: A New History of Waterloo"". *Choice*, 2006."
The Battle of Waterloo and the End of the Napoleonic Era,https://smarticle.tech/en/article/the-battle-of-waterloo-and-the-end-of-the-napoleonic-era-202605181126,Battles & Events,"British Expeditionary Warfare and the Defeat of Napoleon, 1793-1815",https://doi.org/10.1515/9781782043188,"Sutcliffe, Robert K. ""British Expeditionary Warfare and the Defeat of Napoleon, 1793-1815"". *crossref*, 2016."
The Fall of Constantinople: End of the Byzantine Empire,https://smarticle.tech/en/article/the-fall-of-constantinople-end-of-the-byzantine-empire-202605181135,Battles & Events,History of the Decline and Fall of the Roman Empire Complete and Unabridged,https://archive.org/details/romanempire03gibbuoft,History of the Decline and Fall of the Roman Empire Complete and Unabridged. by Edward Gibbon. (1776). — Collier Books. ISBN: 9781853264993
The Fall of Constantinople: End of the Byzantine Empire,https://smarticle.tech/en/article/the-fall-of-constantinople-end-of-the-byzantine-empire-202605181135,Battles & Events,The history of the decline and fall of the Roman Empire,https://archive.org/details/historyofdecline0000edwa,The history of the decline and fall of the Roman Empire. by Edward Gibbon. (1928). — HardPess Publishing. ISBN: 0461839113
The Fall of Constantinople: End of the Byzantine Empire,https://smarticle.tech/en/article/the-fall-of-constantinople-end-of-the-byzantine-empire-202605181135,Battles & Events,The Alexiad,https://archive.org/details/alexiasemper00comnuoft,"The Alexiad. by Anna Comnena, Athanasios Kambylis, Diether Reinsch. (1610). — de Gruyter GmbH, Walter. ISBN: 9781774760727"
The Fall of Constantinople: End of the Byzantine Empire,https://smarticle.tech/en/article/the-fall-of-constantinople-end-of-the-byzantine-empire-202605181135,Battles & Events,History of the Wars,https://archive.org/details/b24750281_0001,"History of the Wars. by Procopius, Henry Dewing. (1531). — Izd-vo Akademii nauk SSSR. ISBN: 9781602064966"
The Fall of Constantinople: End of the Byzantine Empire,https://smarticle.tech/en/article/the-fall-of-constantinople-end-of-the-byzantine-empire-202605181135,Battles & Events,Epitomē historiōn,https://archive.org/details/iannoytoyznapae00canggoog,"Epitomē historiōn. by Zonaras, Joannes. (1868). — Institución Fernando el Católico. ISBN: 9780203882047"
The Fall of Constantinople: End of the Byzantine Empire,https://smarticle.tech/en/article/the-fall-of-constantinople-end-of-the-byzantine-empire-202605181135,Battles & Events,Les oracles de Léon le sage ; La bataiile de Varna ; La prise de Constantinople,https://openlibrary.org/works/OL44269269W,"Les oracles de Léon le sage ; La bataiile de Varna ; La prise de Constantinople. by Emile Legrand, Leo VI Emperor of the East, Paraspondylos Zotikos. (1875). — Maisonneuve"
政治革命下的教育變革：民國初期教育制度的再造（1912-1916） Educational Transformation During the Political Revolution: Restructuring the Education System in Early Republican China (1912-1916),https://smarticle.tech/en/article/1912-1916-educational-transformation-during-the-political-revolution-restru-202605251359,History of Nations,政治革命下的教育變革：民國初期教育制度的再造（1912-1916） Educational Transformation During the Political Revolution: Restructuring the Education System in Early Republican C,https://doi.org/10.6209/JORIES.202312_68(4).0003,"Chang, H.-C. ""Educational Transformation During the Political Revolution: Restructuring the Education System in Early Republican China (1912-1916)"". *Journal of Research in Education Sciences*, 2023."
政治革命下的教育變革：民國初期教育制度的再造（1912-1916） Educational Transformation During the Political Revolution: Restructuring the Education System in Early Republican China (1912-1916),https://smarticle.tech/en/article/1912-1916-educational-transformation-during-the-political-revolution-restru-202605251359,History of Nations,袁世凱政権期の教育部に関する研究,https://doi.org/10.6031/jacsi1994.10.135,"袁世凱政権期の教育部に関する研究""."
Gothic Crisis 378 AD: How Church Historians Shaped Rome's Fall,https://smarticle.tech/en/article/gothic-crisis-378-ad-how-church-historians-shaped-rome-s-fall-202605260649,Ancient Civilizations,Kryzys gocki z perspektywy historiografii kościelnej V stulecia,https://doi.org/10.4467/20844069PH.21.020.13857,"Kuczera, M. ""Kryzys gocki z perspektywy historiografii kościelnej V stulecia"". doaj, 2023."
Oradea 1944 Battle: Revised Romanian Officer Deaths and Horthyist Tactics,https://smarticle.tech/en/article/oradea-1944-battle-revised-romanian-officer-deaths-and-horthyist-tactics-202605260656,Battles & Events,"ANDREI SILVIU AND NICOLAE RAJKOVIČ, DEFENDERS OF THE CITY OF ORADIA, KILLED BY HUNGARIAN HORTYSTS ON 9 OCTOBER 1944",https://doi.org/10.56082/annalsarscihist.2023.1-2.62,"Andrei Silviu and Nicolae Rajkovič. ""ANDREI SILVIU AND NICOLAE RAJKOVIČ, DEFENDERS OF THE CITY OF ORADIA, KILLED BY HUNGARIAN HORTYSTS ON 9 OCTOBER 1944"". doaj, 2023."
Baybars Religious Political Fusion Model Mamluk Governance,https://smarticle.tech/en/article/baybars-religious-political-fusion-model-mamluk-governance-202605260706,Battles & Events,Mamluk leadership between religious and political arrangements under Sultan Baybars’ rule,https://doi.org/10.1080/23311983.2023.2188779,"Mamluk leadership between religious and political arrangements under Sultan Baybars’ rule. *doaj*, 2023."
Baybars Religious Political Fusion Model Mamluk Governance,https://smarticle.tech/en/article/baybars-religious-political-fusion-model-mamluk-governance-202605260706,Battles & Events,Religious Policy of the Mamluk Sultan Baybars (1260–1277 AC),https://doi.org/10.3390/rel14111384,"Religious Policy of the Mamluk Sultan Baybars (1260–1277 AC)""."
Baybars Religious Political Fusion Model Mamluk Governance,https://smarticle.tech/en/article/baybars-religious-political-fusion-model-mamluk-governance-202605260706,Battles & Events,Legitimizing the Mamluk Sultanate,https://doi.org/10.19233/AH.2025.02,"Legitimizing the Mamluk Sultanate""."
Baybars Religious Political Fusion Model Mamluk Governance,https://smarticle.tech/en/article/baybars-religious-political-fusion-model-mamluk-governance-202605260706,Battles & Events,A Mamluk Amir’s Mamluk History: Baybars al-Manṣūrī’s Zubdat al-Fikra,https://doi.org/10.1163/9789004476523_007,"A Mamluk Amir’s Mamluk History: Baybars al-Manṣūrī’s Zubdat al-Fikra""."
Baybars Religious Political Fusion Model Mamluk Governance,https://smarticle.tech/en/article/baybars-religious-political-fusion-model-mamluk-governance-202605260706,Battles & Events,"Anne F. Broadbridge. « Mamluk Legitimacy and Mongols: The Reigns of Baybars and Qalāwūn ». Mamluk Studies Review, 5, 2001, pp. 91-118",https://doi.org/10.4000/abstractairanica.34388,"Anne F. Broadbridge. ""Mamluk Legitimacy and Mongols: The Reigns of Baybars and Qalāwūn"". Mamluk Studies Review, 2001."
Foreign Enemy Conspiracies How Media Frames Political Plots,https://smarticle.tech/en/article/foreign-enemy-conspiracies-how-media-frames-political-plots-202605281452,World History,Constructing the Establishment - Foreign Enemy Conspiracies: A Comparative Analysis of the Media Framing in the USA and Egypt,https://doi.org/10.60678/gmj-de.v14i1.287,"Constructing the Establishment - Foreign Enemy Conspiracies: A Comparative Analysis of the Media Framing in the USA and Egypt. *doaj*, 2024."
